/home/Dataset/Face_Spoofing/frames/CSMAD/bonafide/A/A_gen_i0_061.h5/10.png,0
/home/Dataset/Face_Spoofing/frames/CSMAD/bonafide/A/A_gen_i0_061.h5/9.png,0
/home/Dataset/Face_Spoofing/frames/CSMAD/bonafide/A/A_gen_i0_061.h5/8.png,0
/home/Dataset/Face_Spoofing/frames/CSMAD/bonafide/A/A_gen_i0_061.h5/7.png,0
/home/Dataset/Face_Spoofing/frames/CSMAD/bonafide/A/A_gen_i0_061.h5/6.png,0
/home/Dataset/Face_Spoofing/frames/CSMAD/bonafide/A/A_gen_i0_061.h5/5.png,0
/home/Dataset/Face_Spoofing/frames/CSMAD/bonafide/A/A_gen_i0_061.h5/4.png,0
/home/Dataset/Face_Spoofing/frames/CSMAD/bonafide/A/A_gen_i0_061.h5/3.png,0
/home/Dataset/Face_Spoofing/frames/CSMAD/bonafide/A/A_gen_i0_061.h5/2.png,0
/home/Dataset/Face_Spoofing/frames/CSMAD/bonafide/A/A_gen_i0_061.h5/1.png,0
/home/Dataset/Face_Spoofing/frames/CSMAD/bonafide/A/A_gen_i1_062.h5/10.png,0
/home/Dataset/Face_Spoofing/frames/CSMAD/bonafide/A/A_gen_i1_062.h5/9.png,0
/home/Dataset/Face_Spoofing/frames/CSMAD/bonafide/A/A_gen_i1_062.h5/8.png,0
/home/Dataset/Face_Spoofing/frames/CSMAD/bonafide/A/A_gen_i1_062.h5/7.png,0
/home/Dataset/Face_Spoofing/frames/CSMAD/bonafide/A/A_gen_i1_062.h5/6.png,0
/home/Dataset/Face_Spoofing/frames/CSMAD/bonafide/A/A_gen_i1_062.h5/5.png,0
/home/Dataset/Face_Spoofing/frames/CSMAD/bonafide/A/A_gen_i1_062.h5/4.png,0
/home/Dataset/Face_Spoofing/frames/CSMAD/bonafide/A/A_gen_i1_062.h5/3.png,0
/home/Dataset/Face_Spoofing/frames/CSMAD/bonafide/A/A_gen_i1_062.h5/2.png,0
/home/Dataset/Face_Spoofing/frames/CSMAD/bonafide/A/A_gen_i1_062.h5/1.png,0
/home/Dataset/Face_Spoofing/frames/CSMAD/bonafide/A/A_gen_i2_063.h5/10.png,0
/home/Dataset/Face_Spoofing/frames/CSMAD/bonafide/A/A_gen_i2_063.h5/9.png,0
/home/Dataset/Face_Spoofing/frames/CSMAD/bonafide/A/A_gen_i2_063.h5/8.png,0
/home/Dataset/Face_Spoofing/frames/CSMAD/bonafide/A/A_gen_i2_063.h5/7.png,0
/home/Dataset/Face_Spoofing/frames/CSMAD/bonafide/A/A_gen_i2_063.h5/6.png,0
/home/Dataset/Face_Spoofing/frames/CSMAD/bonafide/A/A_gen_i2_063.h5/5.png,0
/home/Dataset/Face_Spoofing/frames/CSMAD/bonafide/A/A_gen_i2_063.h5/4.png,0
/home/Dataset/Face_Spoofing/frames/CSMAD/bonafide/A/A_gen_i2_063.h5/3.png,0
/home/Dataset/Face_Spoofing/frames/CSMAD/bonafide/A/A_gen_i2_063.h5/2.png,0
/home/Dataset/Face_Spoofing/frames/CSMAD/bonafide/A/A_gen_i2_063.h5/1.png,0
/home/Dataset/Face_Spoofing/frames/CSMAD/bonafide/A/A_gen_i3_064.h5/10.png,0
/home/Dataset/Face_Spoofing/frames/CSMAD/bonafide/A/A_gen_i3_064.h5/9.png,0
/home/Dataset/Face_Spoofing/frames/CSMAD/bonafide/A/A_gen_i3_064.h5/8.png,0
/home/Dataset/Face_Spoofing/frames/CSMAD/bonafide/A/A_gen_i3_064.h5/7.png,0
/home/Dataset/Face_Spoofing/frames/CSMAD/bonafide/A/A_gen_i3_064.h5/6.png,0
/home/Dataset/Face_Spoofing/frames/CSMAD/bonafide/A/A_gen_i3_064.h5/5.png,0
/home/Dataset/Face_Spoofing/frames/CSMAD/bonafide/A/A_gen_i3_064.h5/4.png,0
/home/Dataset/Face_Spoofing/frames/CSMAD/bonafide/A/A_gen_i3_064.h5/3.png,0
/home/Dataset/Face_Spoofing/frames/CSMAD/bonafide/A/A_gen_i3_064.h5/2.png,0
/home/Dataset/Face_Spoofing/frames/CSMAD/bonafide/A/A_gen_i3_064.h5/1.png,0
/home/Dataset/Face_Spoofing/frames/CSMAD/bonafide/B/B_genglasses_i0_005.h5/10.png,0
/home/Dataset/Face_Spoofing/frames/CSMAD/bonafide/B/B_genglasses_i0_005.h5/9.png,0
/home/Dataset/Face_Spoofing/frames/CSMAD/bonafide/B/B_genglasses_i0_005.h5/8.png,0
/home/Dataset/Face_Spoofing/frames/CSMAD/bonafide/B/B_genglasses_i0_005.h5/7.png,0
/home/Dataset/Face_Spoofing/frames/CSMAD/bonafide/B/B_genglasses_i0_005.h5/6.png,0
/home/Dataset/Face_Spoofing/frames/CSMAD/bonafide/B/B_genglasses_i0_005.h5/5.png,0
/home/Dataset/Face_Spoofing/frames/CSMAD/bonafide/B/B_genglasses_i0_005.h5/4.png,0
/home/Dataset/Face_Spoofing/frames/CSMAD/bonafide/B/B_genglasses_i0_005.h5/3.png,0
/home/Dataset/Face_Spoofing/frames/CSMAD/bonafide/B/B_genglasses_i0_005.h5/2.png,0
/home/Dataset/Face_Spoofing/frames/CSMAD/bonafide/B/B_genglasses_i0_005.h5/1.png,0
/home/Dataset/Face_Spoofing/frames/CSMAD/bonafide/B/B_genglasses_i1_006.h5/10.png,0
/home/Dataset/Face_Spoofing/frames/CSMAD/bonafide/B/B_genglasses_i1_006.h5/9.png,0
/home/Dataset/Face_Spoofing/frames/CSMAD/bonafide/B/B_genglasses_i1_006.h5/8.png,0
/home/Dataset/Face_Spoofing/frames/CSMAD/bonafide/B/B_genglasses_i1_006.h5/7.png,0
/home/Dataset/Face_Spoofing/frames/CSMAD/bonafide/B/B_genglasses_i1_006.h5/6.png,0
/home/Dataset/Face_Spoofing/frames/CSMAD/bonafide/B/B_genglasses_i1_006.h5/5.png,0
/home/Dataset/Face_Spoofing/frames/CSMAD/bonafide/B/B_genglasses_i1_006.h5/4.png,0
/home/Dataset/Face_Spoofing/frames/CSMAD/bonafide/B/B_genglasses_i1_006.h5/3.png,0
/home/Dataset/Face_Spoofing/frames/CSMAD/bonafide/B/B_genglasses_i1_006.h5/2.png,0
/home/Dataset/Face_Spoofing/frames/CSMAD/bonafide/B/B_genglasses_i1_006.h5/1.png,0
/home/Dataset/Face_Spoofing/frames/CSMAD/bonafide/B/B_genglasses_i2_007.h5/10.png,0
/home/Dataset/Face_Spoofing/frames/CSMAD/bonafide/B/B_genglasses_i2_007.h5/9.png,0
/home/Dataset/Face_Spoofing/frames/CSMAD/bonafide/B/B_genglasses_i2_007.h5/8.png,0
/home/Dataset/Face_Spoofing/frames/CSMAD/bonafide/B/B_genglasses_i2_007.h5/7.png,0
/home/Dataset/Face_Spoofing/frames/CSMAD/bonafide/B/B_genglasses_i2_007.h5/6.png,0
/home/Dataset/Face_Spoofing/frames/CSMAD/bonafide/B/B_genglasses_i2_007.h5/5.png,0
/home/Dataset/Face_Spoofing/frames/CSMAD/bonafide/B/B_genglasses_i2_007.h5/4.png,0
/home/Dataset/Face_Spoofing/frames/CSMAD/bonafide/B/B_genglasses_i2_007.h5/3.png,0
/home/Dataset/Face_Spoofing/frames/CSMAD/bonafide/B/B_genglasses_i2_007.h5/2.png,0
/home/Dataset/Face_Spoofing/frames/CSMAD/bonafide/B/B_genglasses_i2_007.h5/1.png,0
/home/Dataset/Face_Spoofing/frames/CSMAD/bonafide/B/B_genglasses_i3_008.h5/10.png,0
/home/Dataset/Face_Spoofing/frames/CSMAD/bonafide/B/B_genglasses_i3_008.h5/9.png,0
/home/Dataset/Face_Spoofing/frames/CSMAD/bonafide/B/B_genglasses_i3_008.h5/8.png,0
/home/Dataset/Face_Spoofing/frames/CSMAD/bonafide/B/B_genglasses_i3_008.h5/7.png,0
/home/Dataset/Face_Spoofing/frames/CSMAD/bonafide/B/B_genglasses_i3_008.h5/6.png,0
/home/Dataset/Face_Spoofing/frames/CSMAD/bonafide/B/B_genglasses_i3_008.h5/5.png,0
/home/Dataset/Face_Spoofing/frames/CSMAD/bonafide/B/B_genglasses_i3_008.h5/4.png,0
/home/Dataset/Face_Spoofing/frames/CSMAD/bonafide/B/B_genglasses_i3_008.h5/3.png,0
/home/Dataset/Face_Spoofing/frames/CSMAD/bonafide/B/B_genglasses_i3_008.h5/2.png,0
/home/Dataset/Face_Spoofing/frames/CSMAD/bonafide/B/B_genglasses_i3_008.h5/1.png,0
/home/Dataset/Face_Spoofing/frames/CSMAD/bonafide/B/B_gen_i0_006.h5/10.png,0
/home/Dataset/Face_Spoofing/frames/CSMAD/bonafide/B/B_gen_i0_006.h5/9.png,0
/home/Dataset/Face_Spoofing/frames/CSMAD/bonafide/B/B_gen_i0_006.h5/8.png,0
/home/Dataset/Face_Spoofing/frames/CSMAD/bonafide/B/B_gen_i0_006.h5/7.png,0
/home/Dataset/Face_Spoofing/frames/CSMAD/bonafide/B/B_gen_i0_006.h5/6.png,0
/home/Dataset/Face_Spoofing/frames/CSMAD/bonafide/B/B_gen_i0_006.h5/5.png,0
/home/Dataset/Face_Spoofing/frames/CSMAD/bonafide/B/B_gen_i0_006.h5/4.png,0
/home/Dataset/Face_Spoofing/frames/CSMAD/bonafide/B/B_gen_i0_006.h5/3.png,0
/home/Dataset/Face_Spoofing/frames/CSMAD/bonafide/B/B_gen_i0_006.h5/2.png,0
/home/Dataset/Face_Spoofing/frames/CSMAD/bonafide/B/B_gen_i0_006.h5/1.png,0
/home/Dataset/Face_Spoofing/frames/CSMAD/bonafide/B/B_gen_i2_001.h5/10.png,0
/home/Dataset/Face_Spoofing/frames/CSMAD/bonafide/B/B_gen_i2_001.h5/9.png,0
/home/Dataset/Face_Spoofing/frames/CSMAD/bonafide/B/B_gen_i2_001.h5/8.png,0
/home/Dataset/Face_Spoofing/frames/CSMAD/bonafide/B/B_gen_i2_001.h5/7.png,0
/home/Dataset/Face_Spoofing/frames/CSMAD/bonafide/B/B_gen_i2_001.h5/6.png,0
/home/Dataset/Face_Spoofing/frames/CSMAD/bonafide/B/B_gen_i2_001.h5/5.png,0
/home/Dataset/Face_Spoofing/frames/CSMAD/bonafide/B/B_gen_i2_001.h5/4.png,0
/home/Dataset/Face_Spoofing/frames/CSMAD/bonafide/B/B_gen_i2_001.h5/3.png,0
/home/Dataset/Face_Spoofing/frames/CSMAD/bonafide/B/B_gen_i2_001.h5/2.png,0
/home/Dataset/Face_Spoofing/frames/CSMAD/bonafide/B/B_gen_i2_001.h5/1.png,0
/home/Dataset/Face_Spoofing/frames/CSMAD/bonafide/B/B_gen_i3_002.h5/10.png,0
/home/Dataset/Face_Spoofing/frames/CSMAD/bonafide/B/B_gen_i3_002.h5/9.png,0
/home/Dataset/Face_Spoofing/frames/CSMAD/bonafide/B/B_gen_i3_002.h5/8.png,0
/home/Dataset/Face_Spoofing/frames/CSMAD/bonafide/B/B_gen_i3_002.h5/7.png,0
/home/Dataset/Face_Spoofing/frames/CSMAD/bonafide/B/B_gen_i3_002.h5/6.png,0
/home/Dataset/Face_Spoofing/frames/CSMAD/bonafide/B/B_gen_i3_002.h5/5.png,0
/home/Dataset/Face_Spoofing/frames/CSMAD/bonafide/B/B_gen_i3_002.h5/4.png,0
/home/Dataset/Face_Spoofing/frames/CSMAD/bonafide/B/B_gen_i3_002.h5/3.png,0
/home/Dataset/Face_Spoofing/frames/CSMAD/bonafide/B/B_gen_i3_002.h5/2.png,0
/home/Dataset/Face_Spoofing/frames/CSMAD/bonafide/B/B_gen_i3_002.h5/1.png,0
/home/Dataset/Face_Spoofing/frames/CSMAD/bonafide/C/C_genglasses_i0_006.h5/10.png,0
/home/Dataset/Face_Spoofing/frames/CSMAD/bonafide/C/C_genglasses_i0_006.h5/9.png,0
/home/Dataset/Face_Spoofing/frames/CSMAD/bonafide/C/C_genglasses_i0_006.h5/8.png,0
/home/Dataset/Face_Spoofing/frames/CSMAD/bonafide/C/C_genglasses_i0_006.h5/7.png,0
/home/Dataset/Face_Spoofing/frames/CSMAD/bonafide/C/C_genglasses_i0_006.h5/6.png,0
/home/Dataset/Face_Spoofing/frames/CSMAD/bonafide/C/C_genglasses_i0_006.h5/5.png,0
/home/Dataset/Face_Spoofing/frames/CSMAD/bonafide/C/C_genglasses_i0_006.h5/4.png,0
/home/Dataset/Face_Spoofing/frames/CSMAD/bonafide/C/C_genglasses_i0_006.h5/3.png,0
/home/Dataset/Face_Spoofing/frames/CSMAD/bonafide/C/C_genglasses_i0_006.h5/2.png,0
/home/Dataset/Face_Spoofing/frames/CSMAD/bonafide/C/C_genglasses_i0_006.h5/1.png,0
/home/Dataset/Face_Spoofing/frames/CSMAD/bonafide/C/C_genglasses_i1_007.h5/10.png,0
/home/Dataset/Face_Spoofing/frames/CSMAD/bonafide/C/C_genglasses_i1_007.h5/9.png,0
/home/Dataset/Face_Spoofing/frames/CSMAD/bonafide/C/C_genglasses_i1_007.h5/8.png,0
/home/Dataset/Face_Spoofing/frames/CSMAD/bonafide/C/C_genglasses_i1_007.h5/7.png,0
/home/Dataset/Face_Spoofing/frames/CSMAD/bonafide/C/C_genglasses_i1_007.h5/6.png,0
/home/Dataset/Face_Spoofing/frames/CSMAD/bonafide/C/C_genglasses_i1_007.h5/5.png,0
/home/Dataset/Face_Spoofing/frames/CSMAD/bonafide/C/C_genglasses_i1_007.h5/4.png,0
/home/Dataset/Face_Spoofing/frames/CSMAD/bonafide/C/C_genglasses_i1_007.h5/3.png,0
/home/Dataset/Face_Spoofing/frames/CSMAD/bonafide/C/C_genglasses_i1_007.h5/2.png,0
/home/Dataset/Face_Spoofing/frames/CSMAD/bonafide/C/C_genglasses_i1_007.h5/1.png,0
/home/Dataset/Face_Spoofing/frames/CSMAD/bonafide/C/C_genglasses_i2_008.h5/10.png,0
/home/Dataset/Face_Spoofing/frames/CSMAD/bonafide/C/C_genglasses_i2_008.h5/9.png,0
/home/Dataset/Face_Spoofing/frames/CSMAD/bonafide/C/C_genglasses_i2_008.h5/8.png,0
/home/Dataset/Face_Spoofing/frames/CSMAD/bonafide/C/C_genglasses_i2_008.h5/7.png,0
/home/Dataset/Face_Spoofing/frames/CSMAD/bonafide/C/C_genglasses_i2_008.h5/6.png,0
/home/Dataset/Face_Spoofing/frames/CSMAD/bonafide/C/C_genglasses_i2_008.h5/5.png,0
/home/Dataset/Face_Spoofing/frames/CSMAD/bonafide/C/C_genglasses_i2_008.h5/4.png,0
/home/Dataset/Face_Spoofing/frames/CSMAD/bonafide/C/C_genglasses_i2_008.h5/3.png,0
/home/Dataset/Face_Spoofing/frames/CSMAD/bonafide/C/C_genglasses_i2_008.h5/2.png,0
/home/Dataset/Face_Spoofing/frames/CSMAD/bonafide/C/C_genglasses_i2_008.h5/1.png,0
/home/Dataset/Face_Spoofing/frames/CSMAD/bonafide/C/C_genglasses_i3_009.h5/10.png,0
/home/Dataset/Face_Spoofing/frames/CSMAD/bonafide/C/C_genglasses_i3_009.h5/9.png,0
/home/Dataset/Face_Spoofing/frames/CSMAD/bonafide/C/C_genglasses_i3_009.h5/8.png,0
/home/Dataset/Face_Spoofing/frames/CSMAD/bonafide/C/C_genglasses_i3_009.h5/7.png,0
/home/Dataset/Face_Spoofing/frames/CSMAD/bonafide/C/C_genglasses_i3_009.h5/6.png,0
/home/Dataset/Face_Spoofing/frames/CSMAD/bonafide/C/C_genglasses_i3_009.h5/5.png,0
/home/Dataset/Face_Spoofing/frames/CSMAD/bonafide/C/C_genglasses_i3_009.h5/4.png,0
/home/Dataset/Face_Spoofing/frames/CSMAD/bonafide/C/C_genglasses_i3_009.h5/3.png,0
/home/Dataset/Face_Spoofing/frames/CSMAD/bonafide/C/C_genglasses_i3_009.h5/2.png,0
/home/Dataset/Face_Spoofing/frames/CSMAD/bonafide/C/C_genglasses_i3_009.h5/1.png,0
/home/Dataset/Face_Spoofing/frames/CSMAD/bonafide/C/C_gen_i0_002.h5/10.png,0
/home/Dataset/Face_Spoofing/frames/CSMAD/bonafide/C/C_gen_i0_002.h5/9.png,0
/home/Dataset/Face_Spoofing/frames/CSMAD/bonafide/C/C_gen_i0_002.h5/8.png,0
/home/Dataset/Face_Spoofing/frames/CSMAD/bonafide/C/C_gen_i0_002.h5/7.png,0
/home/Dataset/Face_Spoofing/frames/CSMAD/bonafide/C/C_gen_i0_002.h5/6.png,0
/home/Dataset/Face_Spoofing/frames/CSMAD/bonafide/C/C_gen_i0_002.h5/5.png,0
/home/Dataset/Face_Spoofing/frames/CSMAD/bonafide/C/C_gen_i0_002.h5/4.png,0
/home/Dataset/Face_Spoofing/frames/CSMAD/bonafide/C/C_gen_i0_002.h5/3.png,0
/home/Dataset/Face_Spoofing/frames/CSMAD/bonafide/C/C_gen_i0_002.h5/2.png,0
/home/Dataset/Face_Spoofing/frames/CSMAD/bonafide/C/C_gen_i0_002.h5/1.png,0
/home/Dataset/Face_Spoofing/frames/CSMAD/bonafide/C/C_gen_i1_003.h5/10.png,0
/home/Dataset/Face_Spoofing/frames/CSMAD/bonafide/C/C_gen_i1_003.h5/9.png,0
/home/Dataset/Face_Spoofing/frames/CSMAD/bonafide/C/C_gen_i1_003.h5/8.png,0
/home/Dataset/Face_Spoofing/frames/CSMAD/bonafide/C/C_gen_i1_003.h5/7.png,0
/home/Dataset/Face_Spoofing/frames/CSMAD/bonafide/C/C_gen_i1_003.h5/6.png,0
/home/Dataset/Face_Spoofing/frames/CSMAD/bonafide/C/C_gen_i1_003.h5/5.png,0
/home/Dataset/Face_Spoofing/frames/CSMAD/bonafide/C/C_gen_i1_003.h5/4.png,0
/home/Dataset/Face_Spoofing/frames/CSMAD/bonafide/C/C_gen_i1_003.h5/3.png,0
/home/Dataset/Face_Spoofing/frames/CSMAD/bonafide/C/C_gen_i1_003.h5/2.png,0
/home/Dataset/Face_Spoofing/frames/CSMAD/bonafide/C/C_gen_i1_003.h5/1.png,0
/home/Dataset/Face_Spoofing/frames/CSMAD/bonafide/C/C_gen_i2_004.h5/10.png,0
/home/Dataset/Face_Spoofing/frames/CSMAD/bonafide/C/C_gen_i2_004.h5/9.png,0
/home/Dataset/Face_Spoofing/frames/CSMAD/bonafide/C/C_gen_i2_004.h5/8.png,0
/home/Dataset/Face_Spoofing/frames/CSMAD/bonafide/C/C_gen_i2_004.h5/7.png,0
/home/Dataset/Face_Spoofing/frames/CSMAD/bonafide/C/C_gen_i2_004.h5/6.png,0
/home/Dataset/Face_Spoofing/frames/CSMAD/bonafide/C/C_gen_i2_004.h5/5.png,0
/home/Dataset/Face_Spoofing/frames/CSMAD/bonafide/C/C_gen_i2_004.h5/4.png,0
/home/Dataset/Face_Spoofing/frames/CSMAD/bonafide/C/C_gen_i2_004.h5/3.png,0
/home/Dataset/Face_Spoofing/frames/CSMAD/bonafide/C/C_gen_i2_004.h5/2.png,0
/home/Dataset/Face_Spoofing/frames/CSMAD/bonafide/C/C_gen_i2_004.h5/1.png,0
/home/Dataset/Face_Spoofing/frames/CSMAD/bonafide/C/C_gen_i3_005.h5/10.png,0
/home/Dataset/Face_Spoofing/frames/CSMAD/bonafide/C/C_gen_i3_005.h5/9.png,0
/home/Dataset/Face_Spoofing/frames/CSMAD/bonafide/C/C_gen_i3_005.h5/8.png,0
/home/Dataset/Face_Spoofing/frames/CSMAD/bonafide/C/C_gen_i3_005.h5/7.png,0
/home/Dataset/Face_Spoofing/frames/CSMAD/bonafide/C/C_gen_i3_005.h5/6.png,0
/home/Dataset/Face_Spoofing/frames/CSMAD/bonafide/C/C_gen_i3_005.h5/5.png,0
/home/Dataset/Face_Spoofing/frames/CSMAD/bonafide/C/C_gen_i3_005.h5/4.png,0
/home/Dataset/Face_Spoofing/frames/CSMAD/bonafide/C/C_gen_i3_005.h5/3.png,0
/home/Dataset/Face_Spoofing/frames/CSMAD/bonafide/C/C_gen_i3_005.h5/2.png,0
/home/Dataset/Face_Spoofing/frames/CSMAD/bonafide/C/C_gen_i3_005.h5/1.png,0
/home/Dataset/Face_Spoofing/frames/CSMAD/bonafide/G/G_gen_i0_005.h5/10.png,0
/home/Dataset/Face_Spoofing/frames/CSMAD/bonafide/G/G_gen_i0_005.h5/9.png,0
/home/Dataset/Face_Spoofing/frames/CSMAD/bonafide/G/G_gen_i0_005.h5/8.png,0
/home/Dataset/Face_Spoofing/frames/CSMAD/bonafide/G/G_gen_i0_005.h5/7.png,0
/home/Dataset/Face_Spoofing/frames/CSMAD/bonafide/G/G_gen_i0_005.h5/6.png,0
/home/Dataset/Face_Spoofing/frames/CSMAD/bonafide/G/G_gen_i0_005.h5/5.png,0
/home/Dataset/Face_Spoofing/frames/CSMAD/bonafide/G/G_gen_i0_005.h5/4.png,0
/home/Dataset/Face_Spoofing/frames/CSMAD/bonafide/G/G_gen_i0_005.h5/3.png,0
/home/Dataset/Face_Spoofing/frames/CSMAD/bonafide/G/G_gen_i0_005.h5/2.png,0
/home/Dataset/Face_Spoofing/frames/CSMAD/bonafide/G/G_gen_i0_005.h5/1.png,0
/home/Dataset/Face_Spoofing/frames/CSMAD/bonafide/G/G_gen_i1_006.h5/10.png,0
/home/Dataset/Face_Spoofing/frames/CSMAD/bonafide/G/G_gen_i1_006.h5/9.png,0
/home/Dataset/Face_Spoofing/frames/CSMAD/bonafide/G/G_gen_i1_006.h5/8.png,0
/home/Dataset/Face_Spoofing/frames/CSMAD/bonafide/G/G_gen_i1_006.h5/7.png,0
/home/Dataset/Face_Spoofing/frames/CSMAD/bonafide/G/G_gen_i1_006.h5/6.png,0
/home/Dataset/Face_Spoofing/frames/CSMAD/bonafide/G/G_gen_i1_006.h5/5.png,0
/home/Dataset/Face_Spoofing/frames/CSMAD/bonafide/G/G_gen_i1_006.h5/4.png,0
/home/Dataset/Face_Spoofing/frames/CSMAD/bonafide/G/G_gen_i1_006.h5/3.png,0
/home/Dataset/Face_Spoofing/frames/CSMAD/bonafide/G/G_gen_i1_006.h5/2.png,0
/home/Dataset/Face_Spoofing/frames/CSMAD/bonafide/G/G_gen_i1_006.h5/1.png,0
/home/Dataset/Face_Spoofing/frames/CSMAD/bonafide/G/G_gen_i2_007.h5/10.png,0
/home/Dataset/Face_Spoofing/frames/CSMAD/bonafide/G/G_gen_i2_007.h5/9.png,0
/home/Dataset/Face_Spoofing/frames/CSMAD/bonafide/G/G_gen_i2_007.h5/8.png,0
/home/Dataset/Face_Spoofing/frames/CSMAD/bonafide/G/G_gen_i2_007.h5/7.png,0
/home/Dataset/Face_Spoofing/frames/CSMAD/bonafide/G/G_gen_i2_007.h5/6.png,0
/home/Dataset/Face_Spoofing/frames/CSMAD/bonafide/G/G_gen_i2_007.h5/5.png,0
/home/Dataset/Face_Spoofing/frames/CSMAD/bonafide/G/G_gen_i2_007.h5/4.png,0
/home/Dataset/Face_Spoofing/frames/CSMAD/bonafide/G/G_gen_i2_007.h5/3.png,0
/home/Dataset/Face_Spoofing/frames/CSMAD/bonafide/G/G_gen_i2_007.h5/2.png,0
/home/Dataset/Face_Spoofing/frames/CSMAD/bonafide/G/G_gen_i2_007.h5/1.png,0
/home/Dataset/Face_Spoofing/frames/CSMAD/bonafide/G/G_gen_i3_008.h5/10.png,0
/home/Dataset/Face_Spoofing/frames/CSMAD/bonafide/G/G_gen_i3_008.h5/9.png,0
/home/Dataset/Face_Spoofing/frames/CSMAD/bonafide/G/G_gen_i3_008.h5/8.png,0
/home/Dataset/Face_Spoofing/frames/CSMAD/bonafide/G/G_gen_i3_008.h5/7.png,0
/home/Dataset/Face_Spoofing/frames/CSMAD/bonafide/G/G_gen_i3_008.h5/6.png,0
/home/Dataset/Face_Spoofing/frames/CSMAD/bonafide/G/G_gen_i3_008.h5/5.png,0
/home/Dataset/Face_Spoofing/frames/CSMAD/bonafide/G/G_gen_i3_008.h5/4.png,0
/home/Dataset/Face_Spoofing/frames/CSMAD/bonafide/G/G_gen_i3_008.h5/3.png,0
/home/Dataset/Face_Spoofing/frames/CSMAD/bonafide/G/G_gen_i3_008.h5/2.png,0
/home/Dataset/Face_Spoofing/frames/CSMAD/bonafide/G/G_gen_i3_008.h5/1.png,0
/home/Dataset/Face_Spoofing/frames/CSMAD/bonafide/H/H_gen_i0_009.h5/10.png,0
/home/Dataset/Face_Spoofing/frames/CSMAD/bonafide/H/H_gen_i0_009.h5/9.png,0
/home/Dataset/Face_Spoofing/frames/CSMAD/bonafide/H/H_gen_i0_009.h5/8.png,0
/home/Dataset/Face_Spoofing/frames/CSMAD/bonafide/H/H_gen_i0_009.h5/7.png,0
/home/Dataset/Face_Spoofing/frames/CSMAD/bonafide/H/H_gen_i0_009.h5/6.png,0
/home/Dataset/Face_Spoofing/frames/CSMAD/bonafide/H/H_gen_i0_009.h5/5.png,0
/home/Dataset/Face_Spoofing/frames/CSMAD/bonafide/H/H_gen_i0_009.h5/4.png,0
/home/Dataset/Face_Spoofing/frames/CSMAD/bonafide/H/H_gen_i0_009.h5/3.png,0
/home/Dataset/Face_Spoofing/frames/CSMAD/bonafide/H/H_gen_i0_009.h5/2.png,0
/home/Dataset/Face_Spoofing/frames/CSMAD/bonafide/H/H_gen_i0_009.h5/1.png,0
/home/Dataset/Face_Spoofing/frames/CSMAD/bonafide/H/H_gen_i1_010.h5/10.png,0
/home/Dataset/Face_Spoofing/frames/CSMAD/bonafide/H/H_gen_i1_010.h5/9.png,0
/home/Dataset/Face_Spoofing/frames/CSMAD/bonafide/H/H_gen_i1_010.h5/8.png,0
/home/Dataset/Face_Spoofing/frames/CSMAD/bonafide/H/H_gen_i1_010.h5/7.png,0
/home/Dataset/Face_Spoofing/frames/CSMAD/bonafide/H/H_gen_i1_010.h5/6.png,0
/home/Dataset/Face_Spoofing/frames/CSMAD/bonafide/H/H_gen_i1_010.h5/5.png,0
/home/Dataset/Face_Spoofing/frames/CSMAD/bonafide/H/H_gen_i1_010.h5/4.png,0
/home/Dataset/Face_Spoofing/frames/CSMAD/bonafide/H/H_gen_i1_010.h5/3.png,0
/home/Dataset/Face_Spoofing/frames/CSMAD/bonafide/H/H_gen_i1_010.h5/2.png,0
/home/Dataset/Face_Spoofing/frames/CSMAD/bonafide/H/H_gen_i1_010.h5/1.png,0
/home/Dataset/Face_Spoofing/frames/CSMAD/bonafide/H/H_gen_i2_011.h5/10.png,0
/home/Dataset/Face_Spoofing/frames/CSMAD/bonafide/H/H_gen_i2_011.h5/9.png,0
/home/Dataset/Face_Spoofing/frames/CSMAD/bonafide/H/H_gen_i2_011.h5/8.png,0
/home/Dataset/Face_Spoofing/frames/CSMAD/bonafide/H/H_gen_i2_011.h5/7.png,0
/home/Dataset/Face_Spoofing/frames/CSMAD/bonafide/H/H_gen_i2_011.h5/6.png,0
/home/Dataset/Face_Spoofing/frames/CSMAD/bonafide/H/H_gen_i2_011.h5/5.png,0
/home/Dataset/Face_Spoofing/frames/CSMAD/bonafide/H/H_gen_i2_011.h5/4.png,0
/home/Dataset/Face_Spoofing/frames/CSMAD/bonafide/H/H_gen_i2_011.h5/3.png,0
/home/Dataset/Face_Spoofing/frames/CSMAD/bonafide/H/H_gen_i2_011.h5/2.png,0
/home/Dataset/Face_Spoofing/frames/CSMAD/bonafide/H/H_gen_i2_011.h5/1.png,0
/home/Dataset/Face_Spoofing/frames/CSMAD/bonafide/H/H_gen_i3_012.h5/10.png,0
/home/Dataset/Face_Spoofing/frames/CSMAD/bonafide/H/H_gen_i3_012.h5/9.png,0
/home/Dataset/Face_Spoofing/frames/CSMAD/bonafide/H/H_gen_i3_012.h5/8.png,0
/home/Dataset/Face_Spoofing/frames/CSMAD/bonafide/H/H_gen_i3_012.h5/7.png,0
/home/Dataset/Face_Spoofing/frames/CSMAD/bonafide/H/H_gen_i3_012.h5/6.png,0
/home/Dataset/Face_Spoofing/frames/CSMAD/bonafide/H/H_gen_i3_012.h5/5.png,0
/home/Dataset/Face_Spoofing/frames/CSMAD/bonafide/H/H_gen_i3_012.h5/4.png,0
/home/Dataset/Face_Spoofing/frames/CSMAD/bonafide/H/H_gen_i3_012.h5/3.png,0
/home/Dataset/Face_Spoofing/frames/CSMAD/bonafide/H/H_gen_i3_012.h5/2.png,0
/home/Dataset/Face_Spoofing/frames/CSMAD/bonafide/H/H_gen_i3_012.h5/1.png,0
/home/Dataset/Face_Spoofing/frames/CSMAD/bonafide/I/I_gen_i0_013.h5/10.png,0
/home/Dataset/Face_Spoofing/frames/CSMAD/bonafide/I/I_gen_i0_013.h5/9.png,0
/home/Dataset/Face_Spoofing/frames/CSMAD/bonafide/I/I_gen_i0_013.h5/8.png,0
/home/Dataset/Face_Spoofing/frames/CSMAD/bonafide/I/I_gen_i0_013.h5/7.png,0
/home/Dataset/Face_Spoofing/frames/CSMAD/bonafide/I/I_gen_i0_013.h5/6.png,0
/home/Dataset/Face_Spoofing/frames/CSMAD/bonafide/I/I_gen_i0_013.h5/5.png,0
/home/Dataset/Face_Spoofing/frames/CSMAD/bonafide/I/I_gen_i0_013.h5/4.png,0
/home/Dataset/Face_Spoofing/frames/CSMAD/bonafide/I/I_gen_i0_013.h5/3.png,0
/home/Dataset/Face_Spoofing/frames/CSMAD/bonafide/I/I_gen_i0_013.h5/2.png,0
/home/Dataset/Face_Spoofing/frames/CSMAD/bonafide/I/I_gen_i0_013.h5/1.png,0
/home/Dataset/Face_Spoofing/frames/CSMAD/bonafide/I/I_gen_i1_014.h5/10.png,0
/home/Dataset/Face_Spoofing/frames/CSMAD/bonafide/I/I_gen_i1_014.h5/9.png,0
/home/Dataset/Face_Spoofing/frames/CSMAD/bonafide/I/I_gen_i1_014.h5/8.png,0
/home/Dataset/Face_Spoofing/frames/CSMAD/bonafide/I/I_gen_i1_014.h5/7.png,0
/home/Dataset/Face_Spoofing/frames/CSMAD/bonafide/I/I_gen_i1_014.h5/6.png,0
/home/Dataset/Face_Spoofing/frames/CSMAD/bonafide/I/I_gen_i1_014.h5/5.png,0
/home/Dataset/Face_Spoofing/frames/CSMAD/bonafide/I/I_gen_i1_014.h5/4.png,0
/home/Dataset/Face_Spoofing/frames/CSMAD/bonafide/I/I_gen_i1_014.h5/3.png,0
/home/Dataset/Face_Spoofing/frames/CSMAD/bonafide/I/I_gen_i1_014.h5/2.png,0
/home/Dataset/Face_Spoofing/frames/CSMAD/bonafide/I/I_gen_i1_014.h5/1.png,0
/home/Dataset/Face_Spoofing/frames/CSMAD/bonafide/I/I_gen_i2_015.h5/10.png,0
/home/Dataset/Face_Spoofing/frames/CSMAD/bonafide/I/I_gen_i2_015.h5/9.png,0
/home/Dataset/Face_Spoofing/frames/CSMAD/bonafide/I/I_gen_i2_015.h5/8.png,0
/home/Dataset/Face_Spoofing/frames/CSMAD/bonafide/I/I_gen_i2_015.h5/7.png,0
/home/Dataset/Face_Spoofing/frames/CSMAD/bonafide/I/I_gen_i2_015.h5/6.png,0
/home/Dataset/Face_Spoofing/frames/CSMAD/bonafide/I/I_gen_i2_015.h5/5.png,0
/home/Dataset/Face_Spoofing/frames/CSMAD/bonafide/I/I_gen_i2_015.h5/4.png,0
/home/Dataset/Face_Spoofing/frames/CSMAD/bonafide/I/I_gen_i2_015.h5/3.png,0
/home/Dataset/Face_Spoofing/frames/CSMAD/bonafide/I/I_gen_i2_015.h5/2.png,0
/home/Dataset/Face_Spoofing/frames/CSMAD/bonafide/I/I_gen_i2_015.h5/1.png,0
/home/Dataset/Face_Spoofing/frames/CSMAD/bonafide/I/I_gen_i3_016.h5/10.png,0
/home/Dataset/Face_Spoofing/frames/CSMAD/bonafide/I/I_gen_i3_016.h5/9.png,0
/home/Dataset/Face_Spoofing/frames/CSMAD/bonafide/I/I_gen_i3_016.h5/8.png,0
/home/Dataset/Face_Spoofing/frames/CSMAD/bonafide/I/I_gen_i3_016.h5/7.png,0
/home/Dataset/Face_Spoofing/frames/CSMAD/bonafide/I/I_gen_i3_016.h5/6.png,0
/home/Dataset/Face_Spoofing/frames/CSMAD/bonafide/I/I_gen_i3_016.h5/5.png,0
/home/Dataset/Face_Spoofing/frames/CSMAD/bonafide/I/I_gen_i3_016.h5/4.png,0
/home/Dataset/Face_Spoofing/frames/CSMAD/bonafide/I/I_gen_i3_016.h5/3.png,0
/home/Dataset/Face_Spoofing/frames/CSMAD/bonafide/I/I_gen_i3_016.h5/2.png,0
/home/Dataset/Face_Spoofing/frames/CSMAD/bonafide/I/I_gen_i3_016.h5/1.png,0
/home/Dataset/Face_Spoofing/frames/CSMAD/bonafide/J/J_genglasses_i0_023.h5/10.png,0
/home/Dataset/Face_Spoofing/frames/CSMAD/bonafide/J/J_genglasses_i0_023.h5/9.png,0
/home/Dataset/Face_Spoofing/frames/CSMAD/bonafide/J/J_genglasses_i0_023.h5/8.png,0
/home/Dataset/Face_Spoofing/frames/CSMAD/bonafide/J/J_genglasses_i0_023.h5/7.png,0
/home/Dataset/Face_Spoofing/frames/CSMAD/bonafide/J/J_genglasses_i0_023.h5/6.png,0
/home/Dataset/Face_Spoofing/frames/CSMAD/bonafide/J/J_genglasses_i0_023.h5/5.png,0
/home/Dataset/Face_Spoofing/frames/CSMAD/bonafide/J/J_genglasses_i0_023.h5/4.png,0
/home/Dataset/Face_Spoofing/frames/CSMAD/bonafide/J/J_genglasses_i0_023.h5/3.png,0
/home/Dataset/Face_Spoofing/frames/CSMAD/bonafide/J/J_genglasses_i0_023.h5/2.png,0
/home/Dataset/Face_Spoofing/frames/CSMAD/bonafide/J/J_genglasses_i0_023.h5/1.png,0
/home/Dataset/Face_Spoofing/frames/CSMAD/bonafide/J/J_genglasses_i1_024.h5/10.png,0
/home/Dataset/Face_Spoofing/frames/CSMAD/bonafide/J/J_genglasses_i1_024.h5/9.png,0
/home/Dataset/Face_Spoofing/frames/CSMAD/bonafide/J/J_genglasses_i1_024.h5/8.png,0
/home/Dataset/Face_Spoofing/frames/CSMAD/bonafide/J/J_genglasses_i1_024.h5/7.png,0
/home/Dataset/Face_Spoofing/frames/CSMAD/bonafide/J/J_genglasses_i1_024.h5/6.png,0
/home/Dataset/Face_Spoofing/frames/CSMAD/bonafide/J/J_genglasses_i1_024.h5/5.png,0
/home/Dataset/Face_Spoofing/frames/CSMAD/bonafide/J/J_genglasses_i1_024.h5/4.png,0
/home/Dataset/Face_Spoofing/frames/CSMAD/bonafide/J/J_genglasses_i1_024.h5/3.png,0
/home/Dataset/Face_Spoofing/frames/CSMAD/bonafide/J/J_genglasses_i1_024.h5/2.png,0
/home/Dataset/Face_Spoofing/frames/CSMAD/bonafide/J/J_genglasses_i1_024.h5/1.png,0
/home/Dataset/Face_Spoofing/frames/CSMAD/bonafide/J/J_genglasses_i2_025.h5/10.png,0
/home/Dataset/Face_Spoofing/frames/CSMAD/bonafide/J/J_genglasses_i2_025.h5/9.png,0
/home/Dataset/Face_Spoofing/frames/CSMAD/bonafide/J/J_genglasses_i2_025.h5/8.png,0
/home/Dataset/Face_Spoofing/frames/CSMAD/bonafide/J/J_genglasses_i2_025.h5/7.png,0
/home/Dataset/Face_Spoofing/frames/CSMAD/bonafide/J/J_genglasses_i2_025.h5/6.png,0
/home/Dataset/Face_Spoofing/frames/CSMAD/bonafide/J/J_genglasses_i2_025.h5/5.png,0
/home/Dataset/Face_Spoofing/frames/CSMAD/bonafide/J/J_genglasses_i2_025.h5/4.png,0
/home/Dataset/Face_Spoofing/frames/CSMAD/bonafide/J/J_genglasses_i2_025.h5/3.png,0
/home/Dataset/Face_Spoofing/frames/CSMAD/bonafide/J/J_genglasses_i2_025.h5/2.png,0
/home/Dataset/Face_Spoofing/frames/CSMAD/bonafide/J/J_genglasses_i2_025.h5/1.png,0
/home/Dataset/Face_Spoofing/frames/CSMAD/bonafide/J/J_genglasses_i3_026.h5/10.png,0
/home/Dataset/Face_Spoofing/frames/CSMAD/bonafide/J/J_genglasses_i3_026.h5/9.png,0
/home/Dataset/Face_Spoofing/frames/CSMAD/bonafide/J/J_genglasses_i3_026.h5/8.png,0
/home/Dataset/Face_Spoofing/frames/CSMAD/bonafide/J/J_genglasses_i3_026.h5/7.png,0
/home/Dataset/Face_Spoofing/frames/CSMAD/bonafide/J/J_genglasses_i3_026.h5/6.png,0
/home/Dataset/Face_Spoofing/frames/CSMAD/bonafide/J/J_genglasses_i3_026.h5/5.png,0
/home/Dataset/Face_Spoofing/frames/CSMAD/bonafide/J/J_genglasses_i3_026.h5/4.png,0
/home/Dataset/Face_Spoofing/frames/CSMAD/bonafide/J/J_genglasses_i3_026.h5/3.png,0
/home/Dataset/Face_Spoofing/frames/CSMAD/bonafide/J/J_genglasses_i3_026.h5/2.png,0
/home/Dataset/Face_Spoofing/frames/CSMAD/bonafide/J/J_genglasses_i3_026.h5/1.png,0
/home/Dataset/Face_Spoofing/frames/CSMAD/bonafide/J/J_gen_i0_017.h5/10.png,0
/home/Dataset/Face_Spoofing/frames/CSMAD/bonafide/J/J_gen_i0_017.h5/9.png,0
/home/Dataset/Face_Spoofing/frames/CSMAD/bonafide/J/J_gen_i0_017.h5/8.png,0
/home/Dataset/Face_Spoofing/frames/CSMAD/bonafide/J/J_gen_i0_017.h5/7.png,0
/home/Dataset/Face_Spoofing/frames/CSMAD/bonafide/J/J_gen_i0_017.h5/6.png,0
/home/Dataset/Face_Spoofing/frames/CSMAD/bonafide/J/J_gen_i0_017.h5/5.png,0
/home/Dataset/Face_Spoofing/frames/CSMAD/bonafide/J/J_gen_i0_017.h5/4.png,0
/home/Dataset/Face_Spoofing/frames/CSMAD/bonafide/J/J_gen_i0_017.h5/3.png,0
/home/Dataset/Face_Spoofing/frames/CSMAD/bonafide/J/J_gen_i0_017.h5/2.png,0
/home/Dataset/Face_Spoofing/frames/CSMAD/bonafide/J/J_gen_i0_017.h5/1.png,0
/home/Dataset/Face_Spoofing/frames/CSMAD/bonafide/J/J_gen_i1_018.h5/10.png,0
/home/Dataset/Face_Spoofing/frames/CSMAD/bonafide/J/J_gen_i1_018.h5/9.png,0
/home/Dataset/Face_Spoofing/frames/CSMAD/bonafide/J/J_gen_i1_018.h5/8.png,0
/home/Dataset/Face_Spoofing/frames/CSMAD/bonafide/J/J_gen_i1_018.h5/7.png,0
/home/Dataset/Face_Spoofing/frames/CSMAD/bonafide/J/J_gen_i1_018.h5/6.png,0
/home/Dataset/Face_Spoofing/frames/CSMAD/bonafide/J/J_gen_i1_018.h5/5.png,0
/home/Dataset/Face_Spoofing/frames/CSMAD/bonafide/J/J_gen_i1_018.h5/4.png,0
/home/Dataset/Face_Spoofing/frames/CSMAD/bonafide/J/J_gen_i1_018.h5/3.png,0
/home/Dataset/Face_Spoofing/frames/CSMAD/bonafide/J/J_gen_i1_018.h5/2.png,0
/home/Dataset/Face_Spoofing/frames/CSMAD/bonafide/J/J_gen_i1_018.h5/1.png,0
/home/Dataset/Face_Spoofing/frames/CSMAD/bonafide/J/J_gen_i2_020.h5/10.png,0
/home/Dataset/Face_Spoofing/frames/CSMAD/bonafide/J/J_gen_i2_020.h5/9.png,0
/home/Dataset/Face_Spoofing/frames/CSMAD/bonafide/J/J_gen_i2_020.h5/8.png,0
/home/Dataset/Face_Spoofing/frames/CSMAD/bonafide/J/J_gen_i2_020.h5/7.png,0
/home/Dataset/Face_Spoofing/frames/CSMAD/bonafide/J/J_gen_i2_020.h5/6.png,0
/home/Dataset/Face_Spoofing/frames/CSMAD/bonafide/J/J_gen_i2_020.h5/5.png,0
/home/Dataset/Face_Spoofing/frames/CSMAD/bonafide/J/J_gen_i2_020.h5/4.png,0
/home/Dataset/Face_Spoofing/frames/CSMAD/bonafide/J/J_gen_i2_020.h5/3.png,0
/home/Dataset/Face_Spoofing/frames/CSMAD/bonafide/J/J_gen_i2_020.h5/2.png,0
/home/Dataset/Face_Spoofing/frames/CSMAD/bonafide/J/J_gen_i2_020.h5/1.png,0
/home/Dataset/Face_Spoofing/frames/CSMAD/bonafide/J/J_gen_i3_021.h5/10.png,0
/home/Dataset/Face_Spoofing/frames/CSMAD/bonafide/J/J_gen_i3_021.h5/9.png,0
/home/Dataset/Face_Spoofing/frames/CSMAD/bonafide/J/J_gen_i3_021.h5/8.png,0
/home/Dataset/Face_Spoofing/frames/CSMAD/bonafide/J/J_gen_i3_021.h5/7.png,0
/home/Dataset/Face_Spoofing/frames/CSMAD/bonafide/J/J_gen_i3_021.h5/6.png,0
/home/Dataset/Face_Spoofing/frames/CSMAD/bonafide/J/J_gen_i3_021.h5/5.png,0
/home/Dataset/Face_Spoofing/frames/CSMAD/bonafide/J/J_gen_i3_021.h5/4.png,0
/home/Dataset/Face_Spoofing/frames/CSMAD/bonafide/J/J_gen_i3_021.h5/3.png,0
/home/Dataset/Face_Spoofing/frames/CSMAD/bonafide/J/J_gen_i3_021.h5/2.png,0
/home/Dataset/Face_Spoofing/frames/CSMAD/bonafide/J/J_gen_i3_021.h5/1.png,0
/home/Dataset/Face_Spoofing/frames/CSMAD/attack/STAND/A/Mask_atk_A1_i0_001.h5/10.png,3
/home/Dataset/Face_Spoofing/frames/CSMAD/attack/STAND/A/Mask_atk_A1_i0_001.h5/9.png,3
/home/Dataset/Face_Spoofing/frames/CSMAD/attack/STAND/A/Mask_atk_A1_i0_001.h5/8.png,3
/home/Dataset/Face_Spoofing/frames/CSMAD/attack/STAND/A/Mask_atk_A1_i0_001.h5/7.png,3
/home/Dataset/Face_Spoofing/frames/CSMAD/attack/STAND/A/Mask_atk_A1_i0_001.h5/6.png,3
/home/Dataset/Face_Spoofing/frames/CSMAD/attack/STAND/A/Mask_atk_A1_i0_001.h5/5.png,3
/home/Dataset/Face_Spoofing/frames/CSMAD/attack/STAND/A/Mask_atk_A1_i0_001.h5/4.png,3
/home/Dataset/Face_Spoofing/frames/CSMAD/attack/STAND/A/Mask_atk_A1_i0_001.h5/3.png,3
/home/Dataset/Face_Spoofing/frames/CSMAD/attack/STAND/A/Mask_atk_A1_i0_001.h5/2.png,3
/home/Dataset/Face_Spoofing/frames/CSMAD/attack/STAND/A/Mask_atk_A1_i0_001.h5/1.png,3
/home/Dataset/Face_Spoofing/frames/CSMAD/attack/STAND/A/Mask_atk_A1_i1_002.h5/10.png,3
/home/Dataset/Face_Spoofing/frames/CSMAD/attack/STAND/A/Mask_atk_A1_i1_002.h5/9.png,3
/home/Dataset/Face_Spoofing/frames/CSMAD/attack/STAND/A/Mask_atk_A1_i1_002.h5/8.png,3
/home/Dataset/Face_Spoofing/frames/CSMAD/attack/STAND/A/Mask_atk_A1_i1_002.h5/7.png,3
/home/Dataset/Face_Spoofing/frames/CSMAD/attack/STAND/A/Mask_atk_A1_i1_002.h5/6.png,3
/home/Dataset/Face_Spoofing/frames/CSMAD/attack/STAND/A/Mask_atk_A1_i1_002.h5/5.png,3
/home/Dataset/Face_Spoofing/frames/CSMAD/attack/STAND/A/Mask_atk_A1_i1_002.h5/4.png,3
/home/Dataset/Face_Spoofing/frames/CSMAD/attack/STAND/A/Mask_atk_A1_i1_002.h5/3.png,3
/home/Dataset/Face_Spoofing/frames/CSMAD/attack/STAND/A/Mask_atk_A1_i1_002.h5/2.png,3
/home/Dataset/Face_Spoofing/frames/CSMAD/attack/STAND/A/Mask_atk_A1_i1_002.h5/1.png,3
/home/Dataset/Face_Spoofing/frames/CSMAD/attack/STAND/A/Mask_atk_A1_i2_003.h5/10.png,3
/home/Dataset/Face_Spoofing/frames/CSMAD/attack/STAND/A/Mask_atk_A1_i2_003.h5/9.png,3
/home/Dataset/Face_Spoofing/frames/CSMAD/attack/STAND/A/Mask_atk_A1_i2_003.h5/8.png,3
/home/Dataset/Face_Spoofing/frames/CSMAD/attack/STAND/A/Mask_atk_A1_i2_003.h5/7.png,3
/home/Dataset/Face_Spoofing/frames/CSMAD/attack/STAND/A/Mask_atk_A1_i2_003.h5/6.png,3
/home/Dataset/Face_Spoofing/frames/CSMAD/attack/STAND/A/Mask_atk_A1_i2_003.h5/5.png,3
/home/Dataset/Face_Spoofing/frames/CSMAD/attack/STAND/A/Mask_atk_A1_i2_003.h5/4.png,3
/home/Dataset/Face_Spoofing/frames/CSMAD/attack/STAND/A/Mask_atk_A1_i2_003.h5/3.png,3
/home/Dataset/Face_Spoofing/frames/CSMAD/attack/STAND/A/Mask_atk_A1_i2_003.h5/2.png,3
/home/Dataset/Face_Spoofing/frames/CSMAD/attack/STAND/A/Mask_atk_A1_i2_003.h5/1.png,3
/home/Dataset/Face_Spoofing/frames/CSMAD/attack/STAND/A/Mask_atk_A1_i3_004.h5/10.png,3
/home/Dataset/Face_Spoofing/frames/CSMAD/attack/STAND/A/Mask_atk_A1_i3_004.h5/9.png,3
/home/Dataset/Face_Spoofing/frames/CSMAD/attack/STAND/A/Mask_atk_A1_i3_004.h5/8.png,3
/home/Dataset/Face_Spoofing/frames/CSMAD/attack/STAND/A/Mask_atk_A1_i3_004.h5/7.png,3
/home/Dataset/Face_Spoofing/frames/CSMAD/attack/STAND/A/Mask_atk_A1_i3_004.h5/6.png,3
/home/Dataset/Face_Spoofing/frames/CSMAD/attack/STAND/A/Mask_atk_A1_i3_004.h5/5.png,3
/home/Dataset/Face_Spoofing/frames/CSMAD/attack/STAND/A/Mask_atk_A1_i3_004.h5/4.png,3
/home/Dataset/Face_Spoofing/frames/CSMAD/attack/STAND/A/Mask_atk_A1_i3_004.h5/3.png,3
/home/Dataset/Face_Spoofing/frames/CSMAD/attack/STAND/A/Mask_atk_A1_i3_004.h5/2.png,3
/home/Dataset/Face_Spoofing/frames/CSMAD/attack/STAND/A/Mask_atk_A1_i3_004.h5/1.png,3
/home/Dataset/Face_Spoofing/frames/CSMAD/attack/STAND/A/Mask_atk_A2_i0_006.h5/10.png,3
/home/Dataset/Face_Spoofing/frames/CSMAD/attack/STAND/A/Mask_atk_A2_i0_006.h5/9.png,3
/home/Dataset/Face_Spoofing/frames/CSMAD/attack/STAND/A/Mask_atk_A2_i0_006.h5/8.png,3
/home/Dataset/Face_Spoofing/frames/CSMAD/attack/STAND/A/Mask_atk_A2_i0_006.h5/7.png,3
/home/Dataset/Face_Spoofing/frames/CSMAD/attack/STAND/A/Mask_atk_A2_i0_006.h5/6.png,3
/home/Dataset/Face_Spoofing/frames/CSMAD/attack/STAND/A/Mask_atk_A2_i0_006.h5/5.png,3
/home/Dataset/Face_Spoofing/frames/CSMAD/attack/STAND/A/Mask_atk_A2_i0_006.h5/4.png,3
/home/Dataset/Face_Spoofing/frames/CSMAD/attack/STAND/A/Mask_atk_A2_i0_006.h5/3.png,3
/home/Dataset/Face_Spoofing/frames/CSMAD/attack/STAND/A/Mask_atk_A2_i0_006.h5/2.png,3
/home/Dataset/Face_Spoofing/frames/CSMAD/attack/STAND/A/Mask_atk_A2_i0_006.h5/1.png,3
/home/Dataset/Face_Spoofing/frames/CSMAD/attack/STAND/A/Mask_atk_A2_i1_007.h5/10.png,3
/home/Dataset/Face_Spoofing/frames/CSMAD/attack/STAND/A/Mask_atk_A2_i1_007.h5/9.png,3
/home/Dataset/Face_Spoofing/frames/CSMAD/attack/STAND/A/Mask_atk_A2_i1_007.h5/8.png,3
/home/Dataset/Face_Spoofing/frames/CSMAD/attack/STAND/A/Mask_atk_A2_i1_007.h5/7.png,3
/home/Dataset/Face_Spoofing/frames/CSMAD/attack/STAND/A/Mask_atk_A2_i1_007.h5/6.png,3
/home/Dataset/Face_Spoofing/frames/CSMAD/attack/STAND/A/Mask_atk_A2_i1_007.h5/5.png,3
/home/Dataset/Face_Spoofing/frames/CSMAD/attack/STAND/A/Mask_atk_A2_i1_007.h5/4.png,3
/home/Dataset/Face_Spoofing/frames/CSMAD/attack/STAND/A/Mask_atk_A2_i1_007.h5/3.png,3
/home/Dataset/Face_Spoofing/frames/CSMAD/attack/STAND/A/Mask_atk_A2_i1_007.h5/2.png,3
/home/Dataset/Face_Spoofing/frames/CSMAD/attack/STAND/A/Mask_atk_A2_i1_007.h5/1.png,3
/home/Dataset/Face_Spoofing/frames/CSMAD/attack/STAND/A/Mask_atk_A2_i2_008.h5/10.png,3
/home/Dataset/Face_Spoofing/frames/CSMAD/attack/STAND/A/Mask_atk_A2_i2_008.h5/9.png,3
/home/Dataset/Face_Spoofing/frames/CSMAD/attack/STAND/A/Mask_atk_A2_i2_008.h5/8.png,3
/home/Dataset/Face_Spoofing/frames/CSMAD/attack/STAND/A/Mask_atk_A2_i2_008.h5/7.png,3
/home/Dataset/Face_Spoofing/frames/CSMAD/attack/STAND/A/Mask_atk_A2_i2_008.h5/6.png,3
/home/Dataset/Face_Spoofing/frames/CSMAD/attack/STAND/A/Mask_atk_A2_i2_008.h5/5.png,3
/home/Dataset/Face_Spoofing/frames/CSMAD/attack/STAND/A/Mask_atk_A2_i2_008.h5/4.png,3
/home/Dataset/Face_Spoofing/frames/CSMAD/attack/STAND/A/Mask_atk_A2_i2_008.h5/3.png,3
/home/Dataset/Face_Spoofing/frames/CSMAD/attack/STAND/A/Mask_atk_A2_i2_008.h5/2.png,3
/home/Dataset/Face_Spoofing/frames/CSMAD/attack/STAND/A/Mask_atk_A2_i2_008.h5/1.png,3
/home/Dataset/Face_Spoofing/frames/CSMAD/attack/STAND/A/Mask_atk_A2_i3_009.h5/10.png,3
/home/Dataset/Face_Spoofing/frames/CSMAD/attack/STAND/A/Mask_atk_A2_i3_009.h5/9.png,3
/home/Dataset/Face_Spoofing/frames/CSMAD/attack/STAND/A/Mask_atk_A2_i3_009.h5/8.png,3
/home/Dataset/Face_Spoofing/frames/CSMAD/attack/STAND/A/Mask_atk_A2_i3_009.h5/7.png,3
/home/Dataset/Face_Spoofing/frames/CSMAD/attack/STAND/A/Mask_atk_A2_i3_009.h5/6.png,3
/home/Dataset/Face_Spoofing/frames/CSMAD/attack/STAND/A/Mask_atk_A2_i3_009.h5/5.png,3
/home/Dataset/Face_Spoofing/frames/CSMAD/attack/STAND/A/Mask_atk_A2_i3_009.h5/4.png,3
/home/Dataset/Face_Spoofing/frames/CSMAD/attack/STAND/A/Mask_atk_A2_i3_009.h5/3.png,3
/home/Dataset/Face_Spoofing/frames/CSMAD/attack/STAND/A/Mask_atk_A2_i3_009.h5/2.png,3
/home/Dataset/Face_Spoofing/frames/CSMAD/attack/STAND/A/Mask_atk_A2_i3_009.h5/1.png,3
/home/Dataset/Face_Spoofing/frames/CSMAD/attack/STAND/B/Mask_atk_B1_i0_010.h5/10.png,3
/home/Dataset/Face_Spoofing/frames/CSMAD/attack/STAND/B/Mask_atk_B1_i0_010.h5/9.png,3
/home/Dataset/Face_Spoofing/frames/CSMAD/attack/STAND/B/Mask_atk_B1_i0_010.h5/8.png,3
/home/Dataset/Face_Spoofing/frames/CSMAD/attack/STAND/B/Mask_atk_B1_i0_010.h5/7.png,3
/home/Dataset/Face_Spoofing/frames/CSMAD/attack/STAND/B/Mask_atk_B1_i0_010.h5/6.png,3
/home/Dataset/Face_Spoofing/frames/CSMAD/attack/STAND/B/Mask_atk_B1_i0_010.h5/5.png,3
/home/Dataset/Face_Spoofing/frames/CSMAD/attack/STAND/B/Mask_atk_B1_i0_010.h5/4.png,3
/home/Dataset/Face_Spoofing/frames/CSMAD/attack/STAND/B/Mask_atk_B1_i0_010.h5/3.png,3
/home/Dataset/Face_Spoofing/frames/CSMAD/attack/STAND/B/Mask_atk_B1_i0_010.h5/2.png,3
/home/Dataset/Face_Spoofing/frames/CSMAD/attack/STAND/B/Mask_atk_B1_i0_010.h5/1.png,3
/home/Dataset/Face_Spoofing/frames/CSMAD/attack/STAND/B/Mask_atk_B1_i1_011.h5/10.png,3
/home/Dataset/Face_Spoofing/frames/CSMAD/attack/STAND/B/Mask_atk_B1_i1_011.h5/9.png,3
/home/Dataset/Face_Spoofing/frames/CSMAD/attack/STAND/B/Mask_atk_B1_i1_011.h5/8.png,3
/home/Dataset/Face_Spoofing/frames/CSMAD/attack/STAND/B/Mask_atk_B1_i1_011.h5/7.png,3
/home/Dataset/Face_Spoofing/frames/CSMAD/attack/STAND/B/Mask_atk_B1_i1_011.h5/6.png,3
/home/Dataset/Face_Spoofing/frames/CSMAD/attack/STAND/B/Mask_atk_B1_i1_011.h5/5.png,3
/home/Dataset/Face_Spoofing/frames/CSMAD/attack/STAND/B/Mask_atk_B1_i1_011.h5/4.png,3
/home/Dataset/Face_Spoofing/frames/CSMAD/attack/STAND/B/Mask_atk_B1_i1_011.h5/3.png,3
/home/Dataset/Face_Spoofing/frames/CSMAD/attack/STAND/B/Mask_atk_B1_i1_011.h5/2.png,3
/home/Dataset/Face_Spoofing/frames/CSMAD/attack/STAND/B/Mask_atk_B1_i1_011.h5/1.png,3
/home/Dataset/Face_Spoofing/frames/CSMAD/attack/STAND/B/Mask_atk_B1_i2_012.h5/10.png,3
/home/Dataset/Face_Spoofing/frames/CSMAD/attack/STAND/B/Mask_atk_B1_i2_012.h5/9.png,3
/home/Dataset/Face_Spoofing/frames/CSMAD/attack/STAND/B/Mask_atk_B1_i2_012.h5/8.png,3
/home/Dataset/Face_Spoofing/frames/CSMAD/attack/STAND/B/Mask_atk_B1_i2_012.h5/7.png,3
/home/Dataset/Face_Spoofing/frames/CSMAD/attack/STAND/B/Mask_atk_B1_i2_012.h5/6.png,3
/home/Dataset/Face_Spoofing/frames/CSMAD/attack/STAND/B/Mask_atk_B1_i2_012.h5/5.png,3
/home/Dataset/Face_Spoofing/frames/CSMAD/attack/STAND/B/Mask_atk_B1_i2_012.h5/4.png,3
/home/Dataset/Face_Spoofing/frames/CSMAD/attack/STAND/B/Mask_atk_B1_i2_012.h5/3.png,3
/home/Dataset/Face_Spoofing/frames/CSMAD/attack/STAND/B/Mask_atk_B1_i2_012.h5/2.png,3
/home/Dataset/Face_Spoofing/frames/CSMAD/attack/STAND/B/Mask_atk_B1_i2_012.h5/1.png,3
/home/Dataset/Face_Spoofing/frames/CSMAD/attack/STAND/B/Mask_atk_B1_i3_013.h5/10.png,3
/home/Dataset/Face_Spoofing/frames/CSMAD/attack/STAND/B/Mask_atk_B1_i3_013.h5/9.png,3
/home/Dataset/Face_Spoofing/frames/CSMAD/attack/STAND/B/Mask_atk_B1_i3_013.h5/8.png,3
/home/Dataset/Face_Spoofing/frames/CSMAD/attack/STAND/B/Mask_atk_B1_i3_013.h5/7.png,3
/home/Dataset/Face_Spoofing/frames/CSMAD/attack/STAND/B/Mask_atk_B1_i3_013.h5/6.png,3
/home/Dataset/Face_Spoofing/frames/CSMAD/attack/STAND/B/Mask_atk_B1_i3_013.h5/5.png,3
/home/Dataset/Face_Spoofing/frames/CSMAD/attack/STAND/B/Mask_atk_B1_i3_013.h5/4.png,3
/home/Dataset/Face_Spoofing/frames/CSMAD/attack/STAND/B/Mask_atk_B1_i3_013.h5/3.png,3
/home/Dataset/Face_Spoofing/frames/CSMAD/attack/STAND/B/Mask_atk_B1_i3_013.h5/2.png,3
/home/Dataset/Face_Spoofing/frames/CSMAD/attack/STAND/B/Mask_atk_B1_i3_013.h5/1.png,3
/home/Dataset/Face_Spoofing/frames/CSMAD/attack/STAND/B/Mask_atk_B2_i0_014.h5/10.png,3
/home/Dataset/Face_Spoofing/frames/CSMAD/attack/STAND/B/Mask_atk_B2_i0_014.h5/9.png,3
/home/Dataset/Face_Spoofing/frames/CSMAD/attack/STAND/B/Mask_atk_B2_i0_014.h5/8.png,3
/home/Dataset/Face_Spoofing/frames/CSMAD/attack/STAND/B/Mask_atk_B2_i0_014.h5/7.png,3
/home/Dataset/Face_Spoofing/frames/CSMAD/attack/STAND/B/Mask_atk_B2_i0_014.h5/6.png,3
/home/Dataset/Face_Spoofing/frames/CSMAD/attack/STAND/B/Mask_atk_B2_i0_014.h5/5.png,3
/home/Dataset/Face_Spoofing/frames/CSMAD/attack/STAND/B/Mask_atk_B2_i0_014.h5/4.png,3
/home/Dataset/Face_Spoofing/frames/CSMAD/attack/STAND/B/Mask_atk_B2_i0_014.h5/3.png,3
/home/Dataset/Face_Spoofing/frames/CSMAD/attack/STAND/B/Mask_atk_B2_i0_014.h5/2.png,3
/home/Dataset/Face_Spoofing/frames/CSMAD/attack/STAND/B/Mask_atk_B2_i0_014.h5/1.png,3
/home/Dataset/Face_Spoofing/frames/CSMAD/attack/STAND/B/Mask_atk_B2_i1_015.h5/10.png,3
/home/Dataset/Face_Spoofing/frames/CSMAD/attack/STAND/B/Mask_atk_B2_i1_015.h5/9.png,3
/home/Dataset/Face_Spoofing/frames/CSMAD/attack/STAND/B/Mask_atk_B2_i1_015.h5/8.png,3
/home/Dataset/Face_Spoofing/frames/CSMAD/attack/STAND/B/Mask_atk_B2_i1_015.h5/7.png,3
/home/Dataset/Face_Spoofing/frames/CSMAD/attack/STAND/B/Mask_atk_B2_i1_015.h5/6.png,3
/home/Dataset/Face_Spoofing/frames/CSMAD/attack/STAND/B/Mask_atk_B2_i1_015.h5/5.png,3
/home/Dataset/Face_Spoofing/frames/CSMAD/attack/STAND/B/Mask_atk_B2_i1_015.h5/4.png,3
/home/Dataset/Face_Spoofing/frames/CSMAD/attack/STAND/B/Mask_atk_B2_i1_015.h5/3.png,3
/home/Dataset/Face_Spoofing/frames/CSMAD/attack/STAND/B/Mask_atk_B2_i1_015.h5/2.png,3
/home/Dataset/Face_Spoofing/frames/CSMAD/attack/STAND/B/Mask_atk_B2_i1_015.h5/1.png,3
/home/Dataset/Face_Spoofing/frames/CSMAD/attack/STAND/B/Mask_atk_B2_i2_016.h5/10.png,3
/home/Dataset/Face_Spoofing/frames/CSMAD/attack/STAND/B/Mask_atk_B2_i2_016.h5/9.png,3
/home/Dataset/Face_Spoofing/frames/CSMAD/attack/STAND/B/Mask_atk_B2_i2_016.h5/8.png,3
/home/Dataset/Face_Spoofing/frames/CSMAD/attack/STAND/B/Mask_atk_B2_i2_016.h5/7.png,3
/home/Dataset/Face_Spoofing/frames/CSMAD/attack/STAND/B/Mask_atk_B2_i2_016.h5/6.png,3
/home/Dataset/Face_Spoofing/frames/CSMAD/attack/STAND/B/Mask_atk_B2_i2_016.h5/5.png,3
/home/Dataset/Face_Spoofing/frames/CSMAD/attack/STAND/B/Mask_atk_B2_i2_016.h5/4.png,3
/home/Dataset/Face_Spoofing/frames/CSMAD/attack/STAND/B/Mask_atk_B2_i2_016.h5/3.png,3
/home/Dataset/Face_Spoofing/frames/CSMAD/attack/STAND/B/Mask_atk_B2_i2_016.h5/2.png,3
/home/Dataset/Face_Spoofing/frames/CSMAD/attack/STAND/B/Mask_atk_B2_i2_016.h5/1.png,3
/home/Dataset/Face_Spoofing/frames/CSMAD/attack/STAND/B/Mask_atk_B2_i3_017.h5/10.png,3
/home/Dataset/Face_Spoofing/frames/CSMAD/attack/STAND/B/Mask_atk_B2_i3_017.h5/9.png,3
/home/Dataset/Face_Spoofing/frames/CSMAD/attack/STAND/B/Mask_atk_B2_i3_017.h5/8.png,3
/home/Dataset/Face_Spoofing/frames/CSMAD/attack/STAND/B/Mask_atk_B2_i3_017.h5/7.png,3
/home/Dataset/Face_Spoofing/frames/CSMAD/attack/STAND/B/Mask_atk_B2_i3_017.h5/6.png,3
/home/Dataset/Face_Spoofing/frames/CSMAD/attack/STAND/B/Mask_atk_B2_i3_017.h5/5.png,3
/home/Dataset/Face_Spoofing/frames/CSMAD/attack/STAND/B/Mask_atk_B2_i3_017.h5/4.png,3
/home/Dataset/Face_Spoofing/frames/CSMAD/attack/STAND/B/Mask_atk_B2_i3_017.h5/3.png,3
/home/Dataset/Face_Spoofing/frames/CSMAD/attack/STAND/B/Mask_atk_B2_i3_017.h5/2.png,3
/home/Dataset/Face_Spoofing/frames/CSMAD/attack/STAND/B/Mask_atk_B2_i3_017.h5/1.png,3
/home/Dataset/Face_Spoofing/frames/CSMAD/attack/STAND/C/Mask_atk_C1_i0_018.h5/10.png,3
/home/Dataset/Face_Spoofing/frames/CSMAD/attack/STAND/C/Mask_atk_C1_i0_018.h5/9.png,3
/home/Dataset/Face_Spoofing/frames/CSMAD/attack/STAND/C/Mask_atk_C1_i0_018.h5/8.png,3
/home/Dataset/Face_Spoofing/frames/CSMAD/attack/STAND/C/Mask_atk_C1_i0_018.h5/7.png,3
/home/Dataset/Face_Spoofing/frames/CSMAD/attack/STAND/C/Mask_atk_C1_i0_018.h5/6.png,3
/home/Dataset/Face_Spoofing/frames/CSMAD/attack/STAND/C/Mask_atk_C1_i0_018.h5/5.png,3
/home/Dataset/Face_Spoofing/frames/CSMAD/attack/STAND/C/Mask_atk_C1_i0_018.h5/4.png,3
/home/Dataset/Face_Spoofing/frames/CSMAD/attack/STAND/C/Mask_atk_C1_i0_018.h5/3.png,3
/home/Dataset/Face_Spoofing/frames/CSMAD/attack/STAND/C/Mask_atk_C1_i0_018.h5/2.png,3
/home/Dataset/Face_Spoofing/frames/CSMAD/attack/STAND/C/Mask_atk_C1_i0_018.h5/1.png,3
/home/Dataset/Face_Spoofing/frames/CSMAD/attack/STAND/C/Mask_atk_C1_i1_019.h5/10.png,3
/home/Dataset/Face_Spoofing/frames/CSMAD/attack/STAND/C/Mask_atk_C1_i1_019.h5/9.png,3
/home/Dataset/Face_Spoofing/frames/CSMAD/attack/STAND/C/Mask_atk_C1_i1_019.h5/8.png,3
/home/Dataset/Face_Spoofing/frames/CSMAD/attack/STAND/C/Mask_atk_C1_i1_019.h5/7.png,3
/home/Dataset/Face_Spoofing/frames/CSMAD/attack/STAND/C/Mask_atk_C1_i1_019.h5/6.png,3
/home/Dataset/Face_Spoofing/frames/CSMAD/attack/STAND/C/Mask_atk_C1_i1_019.h5/5.png,3
/home/Dataset/Face_Spoofing/frames/CSMAD/attack/STAND/C/Mask_atk_C1_i1_019.h5/4.png,3
/home/Dataset/Face_Spoofing/frames/CSMAD/attack/STAND/C/Mask_atk_C1_i1_019.h5/3.png,3
/home/Dataset/Face_Spoofing/frames/CSMAD/attack/STAND/C/Mask_atk_C1_i1_019.h5/2.png,3
/home/Dataset/Face_Spoofing/frames/CSMAD/attack/STAND/C/Mask_atk_C1_i1_019.h5/1.png,3
/home/Dataset/Face_Spoofing/frames/CSMAD/attack/STAND/C/Mask_atk_C1_i2_020.h5/10.png,3
/home/Dataset/Face_Spoofing/frames/CSMAD/attack/STAND/C/Mask_atk_C1_i2_020.h5/9.png,3
/home/Dataset/Face_Spoofing/frames/CSMAD/attack/STAND/C/Mask_atk_C1_i2_020.h5/8.png,3
/home/Dataset/Face_Spoofing/frames/CSMAD/attack/STAND/C/Mask_atk_C1_i2_020.h5/7.png,3
/home/Dataset/Face_Spoofing/frames/CSMAD/attack/STAND/C/Mask_atk_C1_i2_020.h5/6.png,3
/home/Dataset/Face_Spoofing/frames/CSMAD/attack/STAND/C/Mask_atk_C1_i2_020.h5/5.png,3
/home/Dataset/Face_Spoofing/frames/CSMAD/attack/STAND/C/Mask_atk_C1_i2_020.h5/4.png,3
/home/Dataset/Face_Spoofing/frames/CSMAD/attack/STAND/C/Mask_atk_C1_i2_020.h5/3.png,3
/home/Dataset/Face_Spoofing/frames/CSMAD/attack/STAND/C/Mask_atk_C1_i2_020.h5/2.png,3
/home/Dataset/Face_Spoofing/frames/CSMAD/attack/STAND/C/Mask_atk_C1_i2_020.h5/1.png,3
/home/Dataset/Face_Spoofing/frames/CSMAD/attack/STAND/C/Mask_atk_C1_i2_022.h5/10.png,3
/home/Dataset/Face_Spoofing/frames/CSMAD/attack/STAND/C/Mask_atk_C1_i2_022.h5/9.png,3
/home/Dataset/Face_Spoofing/frames/CSMAD/attack/STAND/C/Mask_atk_C1_i2_022.h5/8.png,3
/home/Dataset/Face_Spoofing/frames/CSMAD/attack/STAND/C/Mask_atk_C1_i2_022.h5/7.png,3
/home/Dataset/Face_Spoofing/frames/CSMAD/attack/STAND/C/Mask_atk_C1_i2_022.h5/6.png,3
/home/Dataset/Face_Spoofing/frames/CSMAD/attack/STAND/C/Mask_atk_C1_i2_022.h5/5.png,3
/home/Dataset/Face_Spoofing/frames/CSMAD/attack/STAND/C/Mask_atk_C1_i2_022.h5/4.png,3
/home/Dataset/Face_Spoofing/frames/CSMAD/attack/STAND/C/Mask_atk_C1_i2_022.h5/3.png,3
/home/Dataset/Face_Spoofing/frames/CSMAD/attack/STAND/C/Mask_atk_C1_i2_022.h5/2.png,3
/home/Dataset/Face_Spoofing/frames/CSMAD/attack/STAND/C/Mask_atk_C1_i2_022.h5/1.png,3
/home/Dataset/Face_Spoofing/frames/CSMAD/attack/STAND/C/Mask_atk_C1_i2_023.h5/10.png,3
/home/Dataset/Face_Spoofing/frames/CSMAD/attack/STAND/C/Mask_atk_C1_i2_023.h5/9.png,3
/home/Dataset/Face_Spoofing/frames/CSMAD/attack/STAND/C/Mask_atk_C1_i2_023.h5/8.png,3
/home/Dataset/Face_Spoofing/frames/CSMAD/attack/STAND/C/Mask_atk_C1_i2_023.h5/7.png,3
/home/Dataset/Face_Spoofing/frames/CSMAD/attack/STAND/C/Mask_atk_C1_i2_023.h5/6.png,3
/home/Dataset/Face_Spoofing/frames/CSMAD/attack/STAND/C/Mask_atk_C1_i2_023.h5/5.png,3
/home/Dataset/Face_Spoofing/frames/CSMAD/attack/STAND/C/Mask_atk_C1_i2_023.h5/4.png,3
/home/Dataset/Face_Spoofing/frames/CSMAD/attack/STAND/C/Mask_atk_C1_i2_023.h5/3.png,3
/home/Dataset/Face_Spoofing/frames/CSMAD/attack/STAND/C/Mask_atk_C1_i2_023.h5/2.png,3
/home/Dataset/Face_Spoofing/frames/CSMAD/attack/STAND/C/Mask_atk_C1_i2_023.h5/1.png,3
/home/Dataset/Face_Spoofing/frames/CSMAD/attack/STAND/C/Mask_atk_C1_i3_021.h5/10.png,3
/home/Dataset/Face_Spoofing/frames/CSMAD/attack/STAND/C/Mask_atk_C1_i3_021.h5/9.png,3
/home/Dataset/Face_Spoofing/frames/CSMAD/attack/STAND/C/Mask_atk_C1_i3_021.h5/8.png,3
/home/Dataset/Face_Spoofing/frames/CSMAD/attack/STAND/C/Mask_atk_C1_i3_021.h5/7.png,3
/home/Dataset/Face_Spoofing/frames/CSMAD/attack/STAND/C/Mask_atk_C1_i3_021.h5/6.png,3
/home/Dataset/Face_Spoofing/frames/CSMAD/attack/STAND/C/Mask_atk_C1_i3_021.h5/5.png,3
/home/Dataset/Face_Spoofing/frames/CSMAD/attack/STAND/C/Mask_atk_C1_i3_021.h5/4.png,3
/home/Dataset/Face_Spoofing/frames/CSMAD/attack/STAND/C/Mask_atk_C1_i3_021.h5/3.png,3
/home/Dataset/Face_Spoofing/frames/CSMAD/attack/STAND/C/Mask_atk_C1_i3_021.h5/2.png,3
/home/Dataset/Face_Spoofing/frames/CSMAD/attack/STAND/C/Mask_atk_C1_i3_021.h5/1.png,3
/home/Dataset/Face_Spoofing/frames/CSMAD/attack/STAND/C/Mask_atk_C2_i0_024.h5/10.png,3
/home/Dataset/Face_Spoofing/frames/CSMAD/attack/STAND/C/Mask_atk_C2_i0_024.h5/9.png,3
/home/Dataset/Face_Spoofing/frames/CSMAD/attack/STAND/C/Mask_atk_C2_i0_024.h5/8.png,3
/home/Dataset/Face_Spoofing/frames/CSMAD/attack/STAND/C/Mask_atk_C2_i0_024.h5/7.png,3
/home/Dataset/Face_Spoofing/frames/CSMAD/attack/STAND/C/Mask_atk_C2_i0_024.h5/6.png,3
/home/Dataset/Face_Spoofing/frames/CSMAD/attack/STAND/C/Mask_atk_C2_i0_024.h5/5.png,3
/home/Dataset/Face_Spoofing/frames/CSMAD/attack/STAND/C/Mask_atk_C2_i0_024.h5/4.png,3
/home/Dataset/Face_Spoofing/frames/CSMAD/attack/STAND/C/Mask_atk_C2_i0_024.h5/3.png,3
/home/Dataset/Face_Spoofing/frames/CSMAD/attack/STAND/C/Mask_atk_C2_i0_024.h5/2.png,3
/home/Dataset/Face_Spoofing/frames/CSMAD/attack/STAND/C/Mask_atk_C2_i0_024.h5/1.png,3
/home/Dataset/Face_Spoofing/frames/CSMAD/attack/STAND/C/Mask_atk_C2_i1_025.h5/10.png,3
/home/Dataset/Face_Spoofing/frames/CSMAD/attack/STAND/C/Mask_atk_C2_i1_025.h5/9.png,3
/home/Dataset/Face_Spoofing/frames/CSMAD/attack/STAND/C/Mask_atk_C2_i1_025.h5/8.png,3
/home/Dataset/Face_Spoofing/frames/CSMAD/attack/STAND/C/Mask_atk_C2_i1_025.h5/7.png,3
/home/Dataset/Face_Spoofing/frames/CSMAD/attack/STAND/C/Mask_atk_C2_i1_025.h5/6.png,3
/home/Dataset/Face_Spoofing/frames/CSMAD/attack/STAND/C/Mask_atk_C2_i1_025.h5/5.png,3
/home/Dataset/Face_Spoofing/frames/CSMAD/attack/STAND/C/Mask_atk_C2_i1_025.h5/4.png,3
/home/Dataset/Face_Spoofing/frames/CSMAD/attack/STAND/C/Mask_atk_C2_i1_025.h5/3.png,3
/home/Dataset/Face_Spoofing/frames/CSMAD/attack/STAND/C/Mask_atk_C2_i1_025.h5/2.png,3
/home/Dataset/Face_Spoofing/frames/CSMAD/attack/STAND/C/Mask_atk_C2_i1_025.h5/1.png,3
/home/Dataset/Face_Spoofing/frames/CSMAD/attack/STAND/C/Mask_atk_C2_i2_026.h5/10.png,3
/home/Dataset/Face_Spoofing/frames/CSMAD/attack/STAND/C/Mask_atk_C2_i2_026.h5/9.png,3
/home/Dataset/Face_Spoofing/frames/CSMAD/attack/STAND/C/Mask_atk_C2_i2_026.h5/8.png,3
/home/Dataset/Face_Spoofing/frames/CSMAD/attack/STAND/C/Mask_atk_C2_i2_026.h5/7.png,3
/home/Dataset/Face_Spoofing/frames/CSMAD/attack/STAND/C/Mask_atk_C2_i2_026.h5/6.png,3
/home/Dataset/Face_Spoofing/frames/CSMAD/attack/STAND/C/Mask_atk_C2_i2_026.h5/5.png,3
/home/Dataset/Face_Spoofing/frames/CSMAD/attack/STAND/C/Mask_atk_C2_i2_026.h5/4.png,3
/home/Dataset/Face_Spoofing/frames/CSMAD/attack/STAND/C/Mask_atk_C2_i2_026.h5/3.png,3
/home/Dataset/Face_Spoofing/frames/CSMAD/attack/STAND/C/Mask_atk_C2_i2_026.h5/2.png,3
/home/Dataset/Face_Spoofing/frames/CSMAD/attack/STAND/C/Mask_atk_C2_i2_026.h5/1.png,3
/home/Dataset/Face_Spoofing/frames/CSMAD/attack/STAND/C/Mask_atk_C2_i3_027.h5/10.png,3
/home/Dataset/Face_Spoofing/frames/CSMAD/attack/STAND/C/Mask_atk_C2_i3_027.h5/9.png,3
/home/Dataset/Face_Spoofing/frames/CSMAD/attack/STAND/C/Mask_atk_C2_i3_027.h5/8.png,3
/home/Dataset/Face_Spoofing/frames/CSMAD/attack/STAND/C/Mask_atk_C2_i3_027.h5/7.png,3
/home/Dataset/Face_Spoofing/frames/CSMAD/attack/STAND/C/Mask_atk_C2_i3_027.h5/6.png,3
/home/Dataset/Face_Spoofing/frames/CSMAD/attack/STAND/C/Mask_atk_C2_i3_027.h5/5.png,3
/home/Dataset/Face_Spoofing/frames/CSMAD/attack/STAND/C/Mask_atk_C2_i3_027.h5/4.png,3
/home/Dataset/Face_Spoofing/frames/CSMAD/attack/STAND/C/Mask_atk_C2_i3_027.h5/3.png,3
/home/Dataset/Face_Spoofing/frames/CSMAD/attack/STAND/C/Mask_atk_C2_i3_027.h5/2.png,3
/home/Dataset/Face_Spoofing/frames/CSMAD/attack/STAND/C/Mask_atk_C2_i3_027.h5/1.png,3
/home/Dataset/Face_Spoofing/frames/CSMAD/attack/WEAR/A/E_atk_A1_i0_001.h5/10.png,3
/home/Dataset/Face_Spoofing/frames/CSMAD/attack/WEAR/A/E_atk_A1_i0_001.h5/9.png,3
/home/Dataset/Face_Spoofing/frames/CSMAD/attack/WEAR/A/E_atk_A1_i0_001.h5/8.png,3
/home/Dataset/Face_Spoofing/frames/CSMAD/attack/WEAR/A/E_atk_A1_i0_001.h5/7.png,3
/home/Dataset/Face_Spoofing/frames/CSMAD/attack/WEAR/A/E_atk_A1_i0_001.h5/6.png,3
/home/Dataset/Face_Spoofing/frames/CSMAD/attack/WEAR/A/E_atk_A1_i0_001.h5/5.png,3
/home/Dataset/Face_Spoofing/frames/CSMAD/attack/WEAR/A/E_atk_A1_i0_001.h5/4.png,3
/home/Dataset/Face_Spoofing/frames/CSMAD/attack/WEAR/A/E_atk_A1_i0_001.h5/3.png,3
/home/Dataset/Face_Spoofing/frames/CSMAD/attack/WEAR/A/E_atk_A1_i0_001.h5/2.png,3
/home/Dataset/Face_Spoofing/frames/CSMAD/attack/WEAR/A/E_atk_A1_i0_001.h5/1.png,3
/home/Dataset/Face_Spoofing/frames/CSMAD/attack/WEAR/A/E_atk_A1_i1_002.h5/10.png,3
/home/Dataset/Face_Spoofing/frames/CSMAD/attack/WEAR/A/E_atk_A1_i1_002.h5/9.png,3
/home/Dataset/Face_Spoofing/frames/CSMAD/attack/WEAR/A/E_atk_A1_i1_002.h5/8.png,3
/home/Dataset/Face_Spoofing/frames/CSMAD/attack/WEAR/A/E_atk_A1_i1_002.h5/7.png,3
/home/Dataset/Face_Spoofing/frames/CSMAD/attack/WEAR/A/E_atk_A1_i1_002.h5/6.png,3
/home/Dataset/Face_Spoofing/frames/CSMAD/attack/WEAR/A/E_atk_A1_i1_002.h5/5.png,3
/home/Dataset/Face_Spoofing/frames/CSMAD/attack/WEAR/A/E_atk_A1_i1_002.h5/4.png,3
/home/Dataset/Face_Spoofing/frames/CSMAD/attack/WEAR/A/E_atk_A1_i1_002.h5/3.png,3
/home/Dataset/Face_Spoofing/frames/CSMAD/attack/WEAR/A/E_atk_A1_i1_002.h5/2.png,3
/home/Dataset/Face_Spoofing/frames/CSMAD/attack/WEAR/A/E_atk_A1_i1_002.h5/1.png,3
/home/Dataset/Face_Spoofing/frames/CSMAD/attack/WEAR/A/E_atk_A1_i2_003.h5/10.png,3
/home/Dataset/Face_Spoofing/frames/CSMAD/attack/WEAR/A/E_atk_A1_i2_003.h5/9.png,3
/home/Dataset/Face_Spoofing/frames/CSMAD/attack/WEAR/A/E_atk_A1_i2_003.h5/8.png,3
/home/Dataset/Face_Spoofing/frames/CSMAD/attack/WEAR/A/E_atk_A1_i2_003.h5/7.png,3
/home/Dataset/Face_Spoofing/frames/CSMAD/attack/WEAR/A/E_atk_A1_i2_003.h5/6.png,3
/home/Dataset/Face_Spoofing/frames/CSMAD/attack/WEAR/A/E_atk_A1_i2_003.h5/5.png,3
/home/Dataset/Face_Spoofing/frames/CSMAD/attack/WEAR/A/E_atk_A1_i2_003.h5/4.png,3
/home/Dataset/Face_Spoofing/frames/CSMAD/attack/WEAR/A/E_atk_A1_i2_003.h5/3.png,3
/home/Dataset/Face_Spoofing/frames/CSMAD/attack/WEAR/A/E_atk_A1_i2_003.h5/2.png,3
/home/Dataset/Face_Spoofing/frames/CSMAD/attack/WEAR/A/E_atk_A1_i2_003.h5/1.png,3
/home/Dataset/Face_Spoofing/frames/CSMAD/attack/WEAR/A/E_atk_A1_i3_004.h5/10.png,3
/home/Dataset/Face_Spoofing/frames/CSMAD/attack/WEAR/A/E_atk_A1_i3_004.h5/9.png,3
/home/Dataset/Face_Spoofing/frames/CSMAD/attack/WEAR/A/E_atk_A1_i3_004.h5/8.png,3
/home/Dataset/Face_Spoofing/frames/CSMAD/attack/WEAR/A/E_atk_A1_i3_004.h5/7.png,3
/home/Dataset/Face_Spoofing/frames/CSMAD/attack/WEAR/A/E_atk_A1_i3_004.h5/6.png,3
/home/Dataset/Face_Spoofing/frames/CSMAD/attack/WEAR/A/E_atk_A1_i3_004.h5/5.png,3
/home/Dataset/Face_Spoofing/frames/CSMAD/attack/WEAR/A/E_atk_A1_i3_004.h5/4.png,3
/home/Dataset/Face_Spoofing/frames/CSMAD/attack/WEAR/A/E_atk_A1_i3_004.h5/3.png,3
/home/Dataset/Face_Spoofing/frames/CSMAD/attack/WEAR/A/E_atk_A1_i3_004.h5/2.png,3
/home/Dataset/Face_Spoofing/frames/CSMAD/attack/WEAR/A/E_atk_A1_i3_004.h5/1.png,3
/home/Dataset/Face_Spoofing/frames/CSMAD/attack/WEAR/A/E_atk_A2_i0_005.h5/10.png,3
/home/Dataset/Face_Spoofing/frames/CSMAD/attack/WEAR/A/E_atk_A2_i0_005.h5/9.png,3
/home/Dataset/Face_Spoofing/frames/CSMAD/attack/WEAR/A/E_atk_A2_i0_005.h5/8.png,3
/home/Dataset/Face_Spoofing/frames/CSMAD/attack/WEAR/A/E_atk_A2_i0_005.h5/7.png,3
/home/Dataset/Face_Spoofing/frames/CSMAD/attack/WEAR/A/E_atk_A2_i0_005.h5/6.png,3
/home/Dataset/Face_Spoofing/frames/CSMAD/attack/WEAR/A/E_atk_A2_i0_005.h5/5.png,3
/home/Dataset/Face_Spoofing/frames/CSMAD/attack/WEAR/A/E_atk_A2_i0_005.h5/4.png,3
/home/Dataset/Face_Spoofing/frames/CSMAD/attack/WEAR/A/E_atk_A2_i0_005.h5/3.png,3
/home/Dataset/Face_Spoofing/frames/CSMAD/attack/WEAR/A/E_atk_A2_i0_005.h5/2.png,3
/home/Dataset/Face_Spoofing/frames/CSMAD/attack/WEAR/A/E_atk_A2_i0_005.h5/1.png,3
/home/Dataset/Face_Spoofing/frames/CSMAD/attack/WEAR/A/E_atk_A2_i1_006.h5/10.png,3
/home/Dataset/Face_Spoofing/frames/CSMAD/attack/WEAR/A/E_atk_A2_i1_006.h5/9.png,3
/home/Dataset/Face_Spoofing/frames/CSMAD/attack/WEAR/A/E_atk_A2_i1_006.h5/8.png,3
/home/Dataset/Face_Spoofing/frames/CSMAD/attack/WEAR/A/E_atk_A2_i1_006.h5/7.png,3
/home/Dataset/Face_Spoofing/frames/CSMAD/attack/WEAR/A/E_atk_A2_i1_006.h5/6.png,3
/home/Dataset/Face_Spoofing/frames/CSMAD/attack/WEAR/A/E_atk_A2_i1_006.h5/5.png,3
/home/Dataset/Face_Spoofing/frames/CSMAD/attack/WEAR/A/E_atk_A2_i1_006.h5/4.png,3
/home/Dataset/Face_Spoofing/frames/CSMAD/attack/WEAR/A/E_atk_A2_i1_006.h5/3.png,3
/home/Dataset/Face_Spoofing/frames/CSMAD/attack/WEAR/A/E_atk_A2_i1_006.h5/2.png,3
/home/Dataset/Face_Spoofing/frames/CSMAD/attack/WEAR/A/E_atk_A2_i1_006.h5/1.png,3
/home/Dataset/Face_Spoofing/frames/CSMAD/attack/WEAR/A/E_atk_A2_i2_007.h5/10.png,3
/home/Dataset/Face_Spoofing/frames/CSMAD/attack/WEAR/A/E_atk_A2_i2_007.h5/9.png,3
/home/Dataset/Face_Spoofing/frames/CSMAD/attack/WEAR/A/E_atk_A2_i2_007.h5/8.png,3
/home/Dataset/Face_Spoofing/frames/CSMAD/attack/WEAR/A/E_atk_A2_i2_007.h5/7.png,3
/home/Dataset/Face_Spoofing/frames/CSMAD/attack/WEAR/A/E_atk_A2_i2_007.h5/6.png,3
/home/Dataset/Face_Spoofing/frames/CSMAD/attack/WEAR/A/E_atk_A2_i2_007.h5/5.png,3
/home/Dataset/Face_Spoofing/frames/CSMAD/attack/WEAR/A/E_atk_A2_i2_007.h5/4.png,3
/home/Dataset/Face_Spoofing/frames/CSMAD/attack/WEAR/A/E_atk_A2_i2_007.h5/3.png,3
/home/Dataset/Face_Spoofing/frames/CSMAD/attack/WEAR/A/E_atk_A2_i2_007.h5/2.png,3
/home/Dataset/Face_Spoofing/frames/CSMAD/attack/WEAR/A/E_atk_A2_i2_007.h5/1.png,3
/home/Dataset/Face_Spoofing/frames/CSMAD/attack/WEAR/A/E_atk_A2_i3_008.h5/10.png,3
/home/Dataset/Face_Spoofing/frames/CSMAD/attack/WEAR/A/E_atk_A2_i3_008.h5/9.png,3
/home/Dataset/Face_Spoofing/frames/CSMAD/attack/WEAR/A/E_atk_A2_i3_008.h5/8.png,3
/home/Dataset/Face_Spoofing/frames/CSMAD/attack/WEAR/A/E_atk_A2_i3_008.h5/7.png,3
/home/Dataset/Face_Spoofing/frames/CSMAD/attack/WEAR/A/E_atk_A2_i3_008.h5/6.png,3
/home/Dataset/Face_Spoofing/frames/CSMAD/attack/WEAR/A/E_atk_A2_i3_008.h5/5.png,3
/home/Dataset/Face_Spoofing/frames/CSMAD/attack/WEAR/A/E_atk_A2_i3_008.h5/4.png,3
/home/Dataset/Face_Spoofing/frames/CSMAD/attack/WEAR/A/E_atk_A2_i3_008.h5/3.png,3
/home/Dataset/Face_Spoofing/frames/CSMAD/attack/WEAR/A/E_atk_A2_i3_008.h5/2.png,3
/home/Dataset/Face_Spoofing/frames/CSMAD/attack/WEAR/A/E_atk_A2_i3_008.h5/1.png,3
/home/Dataset/Face_Spoofing/frames/CSMAD/attack/WEAR/A/F_atk_A1_i0_011.h5/10.png,3
/home/Dataset/Face_Spoofing/frames/CSMAD/attack/WEAR/A/F_atk_A1_i0_011.h5/9.png,3
/home/Dataset/Face_Spoofing/frames/CSMAD/attack/WEAR/A/F_atk_A1_i0_011.h5/8.png,3
/home/Dataset/Face_Spoofing/frames/CSMAD/attack/WEAR/A/F_atk_A1_i0_011.h5/7.png,3
/home/Dataset/Face_Spoofing/frames/CSMAD/attack/WEAR/A/F_atk_A1_i0_011.h5/6.png,3
/home/Dataset/Face_Spoofing/frames/CSMAD/attack/WEAR/A/F_atk_A1_i0_011.h5/5.png,3
/home/Dataset/Face_Spoofing/frames/CSMAD/attack/WEAR/A/F_atk_A1_i0_011.h5/4.png,3
/home/Dataset/Face_Spoofing/frames/CSMAD/attack/WEAR/A/F_atk_A1_i0_011.h5/3.png,3
/home/Dataset/Face_Spoofing/frames/CSMAD/attack/WEAR/A/F_atk_A1_i0_011.h5/2.png,3
/home/Dataset/Face_Spoofing/frames/CSMAD/attack/WEAR/A/F_atk_A1_i0_011.h5/1.png,3
/home/Dataset/Face_Spoofing/frames/CSMAD/attack/WEAR/A/F_atk_A1_i1_012.h5/10.png,3
/home/Dataset/Face_Spoofing/frames/CSMAD/attack/WEAR/A/F_atk_A1_i1_012.h5/9.png,3
/home/Dataset/Face_Spoofing/frames/CSMAD/attack/WEAR/A/F_atk_A1_i1_012.h5/8.png,3
/home/Dataset/Face_Spoofing/frames/CSMAD/attack/WEAR/A/F_atk_A1_i1_012.h5/7.png,3
/home/Dataset/Face_Spoofing/frames/CSMAD/attack/WEAR/A/F_atk_A1_i1_012.h5/6.png,3
/home/Dataset/Face_Spoofing/frames/CSMAD/attack/WEAR/A/F_atk_A1_i1_012.h5/5.png,3
/home/Dataset/Face_Spoofing/frames/CSMAD/attack/WEAR/A/F_atk_A1_i1_012.h5/4.png,3
/home/Dataset/Face_Spoofing/frames/CSMAD/attack/WEAR/A/F_atk_A1_i1_012.h5/3.png,3
/home/Dataset/Face_Spoofing/frames/CSMAD/attack/WEAR/A/F_atk_A1_i1_012.h5/2.png,3
/home/Dataset/Face_Spoofing/frames/CSMAD/attack/WEAR/A/F_atk_A1_i1_012.h5/1.png,3
/home/Dataset/Face_Spoofing/frames/CSMAD/attack/WEAR/A/F_atk_A1_i2_013.h5/10.png,3
/home/Dataset/Face_Spoofing/frames/CSMAD/attack/WEAR/A/F_atk_A1_i2_013.h5/9.png,3
/home/Dataset/Face_Spoofing/frames/CSMAD/attack/WEAR/A/F_atk_A1_i2_013.h5/8.png,3
/home/Dataset/Face_Spoofing/frames/CSMAD/attack/WEAR/A/F_atk_A1_i2_013.h5/7.png,3
/home/Dataset/Face_Spoofing/frames/CSMAD/attack/WEAR/A/F_atk_A1_i2_013.h5/6.png,3
/home/Dataset/Face_Spoofing/frames/CSMAD/attack/WEAR/A/F_atk_A1_i2_013.h5/5.png,3
/home/Dataset/Face_Spoofing/frames/CSMAD/attack/WEAR/A/F_atk_A1_i2_013.h5/4.png,3
/home/Dataset/Face_Spoofing/frames/CSMAD/attack/WEAR/A/F_atk_A1_i2_013.h5/3.png,3
/home/Dataset/Face_Spoofing/frames/CSMAD/attack/WEAR/A/F_atk_A1_i2_013.h5/2.png,3
/home/Dataset/Face_Spoofing/frames/CSMAD/attack/WEAR/A/F_atk_A1_i2_013.h5/1.png,3
/home/Dataset/Face_Spoofing/frames/CSMAD/attack/WEAR/A/F_atk_A1_i3_014.h5/10.png,3
/home/Dataset/Face_Spoofing/frames/CSMAD/attack/WEAR/A/F_atk_A1_i3_014.h5/9.png,3
/home/Dataset/Face_Spoofing/frames/CSMAD/attack/WEAR/A/F_atk_A1_i3_014.h5/8.png,3
/home/Dataset/Face_Spoofing/frames/CSMAD/attack/WEAR/A/F_atk_A1_i3_014.h5/7.png,3
/home/Dataset/Face_Spoofing/frames/CSMAD/attack/WEAR/A/F_atk_A1_i3_014.h5/6.png,3
/home/Dataset/Face_Spoofing/frames/CSMAD/attack/WEAR/A/F_atk_A1_i3_014.h5/5.png,3
/home/Dataset/Face_Spoofing/frames/CSMAD/attack/WEAR/A/F_atk_A1_i3_014.h5/4.png,3
/home/Dataset/Face_Spoofing/frames/CSMAD/attack/WEAR/A/F_atk_A1_i3_014.h5/3.png,3
/home/Dataset/Face_Spoofing/frames/CSMAD/attack/WEAR/A/F_atk_A1_i3_014.h5/2.png,3
/home/Dataset/Face_Spoofing/frames/CSMAD/attack/WEAR/A/F_atk_A1_i3_014.h5/1.png,3
/home/Dataset/Face_Spoofing/frames/CSMAD/attack/WEAR/A/F_atk_A2_i0_015.h5/10.png,3
/home/Dataset/Face_Spoofing/frames/CSMAD/attack/WEAR/A/F_atk_A2_i0_015.h5/9.png,3
/home/Dataset/Face_Spoofing/frames/CSMAD/attack/WEAR/A/F_atk_A2_i0_015.h5/8.png,3
/home/Dataset/Face_Spoofing/frames/CSMAD/attack/WEAR/A/F_atk_A2_i0_015.h5/7.png,3
/home/Dataset/Face_Spoofing/frames/CSMAD/attack/WEAR/A/F_atk_A2_i0_015.h5/6.png,3
/home/Dataset/Face_Spoofing/frames/CSMAD/attack/WEAR/A/F_atk_A2_i0_015.h5/5.png,3
/home/Dataset/Face_Spoofing/frames/CSMAD/attack/WEAR/A/F_atk_A2_i0_015.h5/4.png,3
/home/Dataset/Face_Spoofing/frames/CSMAD/attack/WEAR/A/F_atk_A2_i0_015.h5/3.png,3
/home/Dataset/Face_Spoofing/frames/CSMAD/attack/WEAR/A/F_atk_A2_i0_015.h5/2.png,3
/home/Dataset/Face_Spoofing/frames/CSMAD/attack/WEAR/A/F_atk_A2_i0_015.h5/1.png,3
/home/Dataset/Face_Spoofing/frames/CSMAD/attack/WEAR/A/F_atk_A2_i1_016.h5/10.png,3
/home/Dataset/Face_Spoofing/frames/CSMAD/attack/WEAR/A/F_atk_A2_i1_016.h5/9.png,3
/home/Dataset/Face_Spoofing/frames/CSMAD/attack/WEAR/A/F_atk_A2_i1_016.h5/8.png,3
/home/Dataset/Face_Spoofing/frames/CSMAD/attack/WEAR/A/F_atk_A2_i1_016.h5/7.png,3
/home/Dataset/Face_Spoofing/frames/CSMAD/attack/WEAR/A/F_atk_A2_i1_016.h5/6.png,3
/home/Dataset/Face_Spoofing/frames/CSMAD/attack/WEAR/A/F_atk_A2_i1_016.h5/5.png,3
/home/Dataset/Face_Spoofing/frames/CSMAD/attack/WEAR/A/F_atk_A2_i1_016.h5/4.png,3
/home/Dataset/Face_Spoofing/frames/CSMAD/attack/WEAR/A/F_atk_A2_i1_016.h5/3.png,3
/home/Dataset/Face_Spoofing/frames/CSMAD/attack/WEAR/A/F_atk_A2_i1_016.h5/2.png,3
/home/Dataset/Face_Spoofing/frames/CSMAD/attack/WEAR/A/F_atk_A2_i1_016.h5/1.png,3
/home/Dataset/Face_Spoofing/frames/CSMAD/attack/WEAR/A/F_atk_A2_i2_017.h5/10.png,3
/home/Dataset/Face_Spoofing/frames/CSMAD/attack/WEAR/A/F_atk_A2_i2_017.h5/9.png,3
/home/Dataset/Face_Spoofing/frames/CSMAD/attack/WEAR/A/F_atk_A2_i2_017.h5/8.png,3
/home/Dataset/Face_Spoofing/frames/CSMAD/attack/WEAR/A/F_atk_A2_i2_017.h5/7.png,3
/home/Dataset/Face_Spoofing/frames/CSMAD/attack/WEAR/A/F_atk_A2_i2_017.h5/6.png,3
/home/Dataset/Face_Spoofing/frames/CSMAD/attack/WEAR/A/F_atk_A2_i2_017.h5/5.png,3
/home/Dataset/Face_Spoofing/frames/CSMAD/attack/WEAR/A/F_atk_A2_i2_017.h5/4.png,3
/home/Dataset/Face_Spoofing/frames/CSMAD/attack/WEAR/A/F_atk_A2_i2_017.h5/3.png,3
/home/Dataset/Face_Spoofing/frames/CSMAD/attack/WEAR/A/F_atk_A2_i2_017.h5/2.png,3
/home/Dataset/Face_Spoofing/frames/CSMAD/attack/WEAR/A/F_atk_A2_i2_017.h5/1.png,3
/home/Dataset/Face_Spoofing/frames/CSMAD/attack/WEAR/A/F_atk_A2_i3_018.h5/10.png,3
/home/Dataset/Face_Spoofing/frames/CSMAD/attack/WEAR/A/F_atk_A2_i3_018.h5/9.png,3
/home/Dataset/Face_Spoofing/frames/CSMAD/attack/WEAR/A/F_atk_A2_i3_018.h5/8.png,3
/home/Dataset/Face_Spoofing/frames/CSMAD/attack/WEAR/A/F_atk_A2_i3_018.h5/7.png,3
/home/Dataset/Face_Spoofing/frames/CSMAD/attack/WEAR/A/F_atk_A2_i3_018.h5/6.png,3
/home/Dataset/Face_Spoofing/frames/CSMAD/attack/WEAR/A/F_atk_A2_i3_018.h5/5.png,3
/home/Dataset/Face_Spoofing/frames/CSMAD/attack/WEAR/A/F_atk_A2_i3_018.h5/4.png,3
/home/Dataset/Face_Spoofing/frames/CSMAD/attack/WEAR/A/F_atk_A2_i3_018.h5/3.png,3
/home/Dataset/Face_Spoofing/frames/CSMAD/attack/WEAR/A/F_atk_A2_i3_018.h5/2.png,3
/home/Dataset/Face_Spoofing/frames/CSMAD/attack/WEAR/A/F_atk_A2_i3_018.h5/1.png,3
/home/Dataset/Face_Spoofing/frames/CSMAD/attack/WEAR/B/E_atk_B1_i0_009.h5/10.png,3
/home/Dataset/Face_Spoofing/frames/CSMAD/attack/WEAR/B/E_atk_B1_i0_009.h5/9.png,3
/home/Dataset/Face_Spoofing/frames/CSMAD/attack/WEAR/B/E_atk_B1_i0_009.h5/8.png,3
/home/Dataset/Face_Spoofing/frames/CSMAD/attack/WEAR/B/E_atk_B1_i0_009.h5/7.png,3
/home/Dataset/Face_Spoofing/frames/CSMAD/attack/WEAR/B/E_atk_B1_i0_009.h5/6.png,3
/home/Dataset/Face_Spoofing/frames/CSMAD/attack/WEAR/B/E_atk_B1_i0_009.h5/5.png,3
/home/Dataset/Face_Spoofing/frames/CSMAD/attack/WEAR/B/E_atk_B1_i0_009.h5/4.png,3
/home/Dataset/Face_Spoofing/frames/CSMAD/attack/WEAR/B/E_atk_B1_i0_009.h5/3.png,3
/home/Dataset/Face_Spoofing/frames/CSMAD/attack/WEAR/B/E_atk_B1_i0_009.h5/2.png,3
/home/Dataset/Face_Spoofing/frames/CSMAD/attack/WEAR/B/E_atk_B1_i0_009.h5/1.png,3
/home/Dataset/Face_Spoofing/frames/CSMAD/attack/WEAR/B/E_atk_B1_i1_010.h5/10.png,3
/home/Dataset/Face_Spoofing/frames/CSMAD/attack/WEAR/B/E_atk_B1_i1_010.h5/9.png,3
/home/Dataset/Face_Spoofing/frames/CSMAD/attack/WEAR/B/E_atk_B1_i1_010.h5/8.png,3
/home/Dataset/Face_Spoofing/frames/CSMAD/attack/WEAR/B/E_atk_B1_i1_010.h5/7.png,3
/home/Dataset/Face_Spoofing/frames/CSMAD/attack/WEAR/B/E_atk_B1_i1_010.h5/6.png,3
/home/Dataset/Face_Spoofing/frames/CSMAD/attack/WEAR/B/E_atk_B1_i1_010.h5/5.png,3
/home/Dataset/Face_Spoofing/frames/CSMAD/attack/WEAR/B/E_atk_B1_i1_010.h5/4.png,3
/home/Dataset/Face_Spoofing/frames/CSMAD/attack/WEAR/B/E_atk_B1_i1_010.h5/3.png,3
/home/Dataset/Face_Spoofing/frames/CSMAD/attack/WEAR/B/E_atk_B1_i1_010.h5/2.png,3
/home/Dataset/Face_Spoofing/frames/CSMAD/attack/WEAR/B/E_atk_B1_i1_010.h5/1.png,3
/home/Dataset/Face_Spoofing/frames/CSMAD/attack/WEAR/B/E_atk_B1_i2_011.h5/10.png,3
/home/Dataset/Face_Spoofing/frames/CSMAD/attack/WEAR/B/E_atk_B1_i2_011.h5/9.png,3
/home/Dataset/Face_Spoofing/frames/CSMAD/attack/WEAR/B/E_atk_B1_i2_011.h5/8.png,3
/home/Dataset/Face_Spoofing/frames/CSMAD/attack/WEAR/B/E_atk_B1_i2_011.h5/7.png,3
/home/Dataset/Face_Spoofing/frames/CSMAD/attack/WEAR/B/E_atk_B1_i2_011.h5/6.png,3
/home/Dataset/Face_Spoofing/frames/CSMAD/attack/WEAR/B/E_atk_B1_i2_011.h5/5.png,3
/home/Dataset/Face_Spoofing/frames/CSMAD/attack/WEAR/B/E_atk_B1_i2_011.h5/4.png,3
/home/Dataset/Face_Spoofing/frames/CSMAD/attack/WEAR/B/E_atk_B1_i2_011.h5/3.png,3
/home/Dataset/Face_Spoofing/frames/CSMAD/attack/WEAR/B/E_atk_B1_i2_011.h5/2.png,3
/home/Dataset/Face_Spoofing/frames/CSMAD/attack/WEAR/B/E_atk_B1_i2_011.h5/1.png,3
/home/Dataset/Face_Spoofing/frames/CSMAD/attack/WEAR/B/E_atk_B1_i3_012.h5/10.png,3
/home/Dataset/Face_Spoofing/frames/CSMAD/attack/WEAR/B/E_atk_B1_i3_012.h5/9.png,3
/home/Dataset/Face_Spoofing/frames/CSMAD/attack/WEAR/B/E_atk_B1_i3_012.h5/8.png,3
/home/Dataset/Face_Spoofing/frames/CSMAD/attack/WEAR/B/E_atk_B1_i3_012.h5/7.png,3
/home/Dataset/Face_Spoofing/frames/CSMAD/attack/WEAR/B/E_atk_B1_i3_012.h5/6.png,3
/home/Dataset/Face_Spoofing/frames/CSMAD/attack/WEAR/B/E_atk_B1_i3_012.h5/5.png,3
/home/Dataset/Face_Spoofing/frames/CSMAD/attack/WEAR/B/E_atk_B1_i3_012.h5/4.png,3
/home/Dataset/Face_Spoofing/frames/CSMAD/attack/WEAR/B/E_atk_B1_i3_012.h5/3.png,3
/home/Dataset/Face_Spoofing/frames/CSMAD/attack/WEAR/B/E_atk_B1_i3_012.h5/2.png,3
/home/Dataset/Face_Spoofing/frames/CSMAD/attack/WEAR/B/E_atk_B1_i3_012.h5/1.png,3
/home/Dataset/Face_Spoofing/frames/CSMAD/attack/WEAR/B/E_atk_B2_i0_013.h5/10.png,3
/home/Dataset/Face_Spoofing/frames/CSMAD/attack/WEAR/B/E_atk_B2_i0_013.h5/9.png,3
/home/Dataset/Face_Spoofing/frames/CSMAD/attack/WEAR/B/E_atk_B2_i0_013.h5/8.png,3
/home/Dataset/Face_Spoofing/frames/CSMAD/attack/WEAR/B/E_atk_B2_i0_013.h5/7.png,3
/home/Dataset/Face_Spoofing/frames/CSMAD/attack/WEAR/B/E_atk_B2_i0_013.h5/6.png,3
/home/Dataset/Face_Spoofing/frames/CSMAD/attack/WEAR/B/E_atk_B2_i0_013.h5/5.png,3
/home/Dataset/Face_Spoofing/frames/CSMAD/attack/WEAR/B/E_atk_B2_i0_013.h5/4.png,3
/home/Dataset/Face_Spoofing/frames/CSMAD/attack/WEAR/B/E_atk_B2_i0_013.h5/3.png,3
/home/Dataset/Face_Spoofing/frames/CSMAD/attack/WEAR/B/E_atk_B2_i0_013.h5/2.png,3
/home/Dataset/Face_Spoofing/frames/CSMAD/attack/WEAR/B/E_atk_B2_i0_013.h5/1.png,3
/home/Dataset/Face_Spoofing/frames/CSMAD/attack/WEAR/B/E_atk_B2_i1_014.h5/10.png,3
/home/Dataset/Face_Spoofing/frames/CSMAD/attack/WEAR/B/E_atk_B2_i1_014.h5/9.png,3
/home/Dataset/Face_Spoofing/frames/CSMAD/attack/WEAR/B/E_atk_B2_i1_014.h5/8.png,3
/home/Dataset/Face_Spoofing/frames/CSMAD/attack/WEAR/B/E_atk_B2_i1_014.h5/7.png,3
/home/Dataset/Face_Spoofing/frames/CSMAD/attack/WEAR/B/E_atk_B2_i1_014.h5/6.png,3
/home/Dataset/Face_Spoofing/frames/CSMAD/attack/WEAR/B/E_atk_B2_i1_014.h5/5.png,3
/home/Dataset/Face_Spoofing/frames/CSMAD/attack/WEAR/B/E_atk_B2_i1_014.h5/4.png,3
/home/Dataset/Face_Spoofing/frames/CSMAD/attack/WEAR/B/E_atk_B2_i1_014.h5/3.png,3
/home/Dataset/Face_Spoofing/frames/CSMAD/attack/WEAR/B/E_atk_B2_i1_014.h5/2.png,3
/home/Dataset/Face_Spoofing/frames/CSMAD/attack/WEAR/B/E_atk_B2_i1_014.h5/1.png,3
/home/Dataset/Face_Spoofing/frames/CSMAD/attack/WEAR/B/E_atk_B2_i2_015.h5/10.png,3
/home/Dataset/Face_Spoofing/frames/CSMAD/attack/WEAR/B/E_atk_B2_i2_015.h5/9.png,3
/home/Dataset/Face_Spoofing/frames/CSMAD/attack/WEAR/B/E_atk_B2_i2_015.h5/8.png,3
/home/Dataset/Face_Spoofing/frames/CSMAD/attack/WEAR/B/E_atk_B2_i2_015.h5/7.png,3
/home/Dataset/Face_Spoofing/frames/CSMAD/attack/WEAR/B/E_atk_B2_i2_015.h5/6.png,3
/home/Dataset/Face_Spoofing/frames/CSMAD/attack/WEAR/B/E_atk_B2_i2_015.h5/5.png,3
/home/Dataset/Face_Spoofing/frames/CSMAD/attack/WEAR/B/E_atk_B2_i2_015.h5/4.png,3
/home/Dataset/Face_Spoofing/frames/CSMAD/attack/WEAR/B/E_atk_B2_i2_015.h5/3.png,3
/home/Dataset/Face_Spoofing/frames/CSMAD/attack/WEAR/B/E_atk_B2_i2_015.h5/2.png,3
/home/Dataset/Face_Spoofing/frames/CSMAD/attack/WEAR/B/E_atk_B2_i2_015.h5/1.png,3
/home/Dataset/Face_Spoofing/frames/CSMAD/attack/WEAR/B/E_atk_B2_i3_016.h5/10.png,3
/home/Dataset/Face_Spoofing/frames/CSMAD/attack/WEAR/B/E_atk_B2_i3_016.h5/9.png,3
/home/Dataset/Face_Spoofing/frames/CSMAD/attack/WEAR/B/E_atk_B2_i3_016.h5/8.png,3
/home/Dataset/Face_Spoofing/frames/CSMAD/attack/WEAR/B/E_atk_B2_i3_016.h5/7.png,3
/home/Dataset/Face_Spoofing/frames/CSMAD/attack/WEAR/B/E_atk_B2_i3_016.h5/6.png,3
/home/Dataset/Face_Spoofing/frames/CSMAD/attack/WEAR/B/E_atk_B2_i3_016.h5/5.png,3
/home/Dataset/Face_Spoofing/frames/CSMAD/attack/WEAR/B/E_atk_B2_i3_016.h5/4.png,3
/home/Dataset/Face_Spoofing/frames/CSMAD/attack/WEAR/B/E_atk_B2_i3_016.h5/3.png,3
/home/Dataset/Face_Spoofing/frames/CSMAD/attack/WEAR/B/E_atk_B2_i3_016.h5/2.png,3
/home/Dataset/Face_Spoofing/frames/CSMAD/attack/WEAR/B/E_atk_B2_i3_016.h5/1.png,3
/home/Dataset/Face_Spoofing/frames/CSMAD/attack/WEAR/B/F_atk_B1_i0_019.h5/10.png,3
/home/Dataset/Face_Spoofing/frames/CSMAD/attack/WEAR/B/F_atk_B1_i0_019.h5/9.png,3
/home/Dataset/Face_Spoofing/frames/CSMAD/attack/WEAR/B/F_atk_B1_i0_019.h5/8.png,3
/home/Dataset/Face_Spoofing/frames/CSMAD/attack/WEAR/B/F_atk_B1_i0_019.h5/7.png,3
/home/Dataset/Face_Spoofing/frames/CSMAD/attack/WEAR/B/F_atk_B1_i0_019.h5/6.png,3
/home/Dataset/Face_Spoofing/frames/CSMAD/attack/WEAR/B/F_atk_B1_i0_019.h5/5.png,3
/home/Dataset/Face_Spoofing/frames/CSMAD/attack/WEAR/B/F_atk_B1_i0_019.h5/4.png,3
/home/Dataset/Face_Spoofing/frames/CSMAD/attack/WEAR/B/F_atk_B1_i0_019.h5/3.png,3
/home/Dataset/Face_Spoofing/frames/CSMAD/attack/WEAR/B/F_atk_B1_i0_019.h5/2.png,3
/home/Dataset/Face_Spoofing/frames/CSMAD/attack/WEAR/B/F_atk_B1_i0_019.h5/1.png,3
/home/Dataset/Face_Spoofing/frames/CSMAD/attack/WEAR/B/F_atk_B1_i1_020.h5/10.png,3
/home/Dataset/Face_Spoofing/frames/CSMAD/attack/WEAR/B/F_atk_B1_i1_020.h5/9.png,3
/home/Dataset/Face_Spoofing/frames/CSMAD/attack/WEAR/B/F_atk_B1_i1_020.h5/8.png,3
/home/Dataset/Face_Spoofing/frames/CSMAD/attack/WEAR/B/F_atk_B1_i1_020.h5/7.png,3
/home/Dataset/Face_Spoofing/frames/CSMAD/attack/WEAR/B/F_atk_B1_i1_020.h5/6.png,3
/home/Dataset/Face_Spoofing/frames/CSMAD/attack/WEAR/B/F_atk_B1_i1_020.h5/5.png,3
/home/Dataset/Face_Spoofing/frames/CSMAD/attack/WEAR/B/F_atk_B1_i1_020.h5/4.png,3
/home/Dataset/Face_Spoofing/frames/CSMAD/attack/WEAR/B/F_atk_B1_i1_020.h5/3.png,3
/home/Dataset/Face_Spoofing/frames/CSMAD/attack/WEAR/B/F_atk_B1_i1_020.h5/2.png,3
/home/Dataset/Face_Spoofing/frames/CSMAD/attack/WEAR/B/F_atk_B1_i1_020.h5/1.png,3
/home/Dataset/Face_Spoofing/frames/CSMAD/attack/WEAR/B/F_atk_B1_i2_021.h5/10.png,3
/home/Dataset/Face_Spoofing/frames/CSMAD/attack/WEAR/B/F_atk_B1_i2_021.h5/9.png,3
/home/Dataset/Face_Spoofing/frames/CSMAD/attack/WEAR/B/F_atk_B1_i2_021.h5/8.png,3
/home/Dataset/Face_Spoofing/frames/CSMAD/attack/WEAR/B/F_atk_B1_i2_021.h5/7.png,3
/home/Dataset/Face_Spoofing/frames/CSMAD/attack/WEAR/B/F_atk_B1_i2_021.h5/6.png,3
/home/Dataset/Face_Spoofing/frames/CSMAD/attack/WEAR/B/F_atk_B1_i2_021.h5/5.png,3
/home/Dataset/Face_Spoofing/frames/CSMAD/attack/WEAR/B/F_atk_B1_i2_021.h5/4.png,3
/home/Dataset/Face_Spoofing/frames/CSMAD/attack/WEAR/B/F_atk_B1_i2_021.h5/3.png,3
/home/Dataset/Face_Spoofing/frames/CSMAD/attack/WEAR/B/F_atk_B1_i2_021.h5/2.png,3
/home/Dataset/Face_Spoofing/frames/CSMAD/attack/WEAR/B/F_atk_B1_i2_021.h5/1.png,3
/home/Dataset/Face_Spoofing/frames/CSMAD/attack/WEAR/B/F_atk_B1_i3_022.h5/10.png,3
/home/Dataset/Face_Spoofing/frames/CSMAD/attack/WEAR/B/F_atk_B1_i3_022.h5/9.png,3
/home/Dataset/Face_Spoofing/frames/CSMAD/attack/WEAR/B/F_atk_B1_i3_022.h5/8.png,3
/home/Dataset/Face_Spoofing/frames/CSMAD/attack/WEAR/B/F_atk_B1_i3_022.h5/7.png,3
/home/Dataset/Face_Spoofing/frames/CSMAD/attack/WEAR/B/F_atk_B1_i3_022.h5/6.png,3
/home/Dataset/Face_Spoofing/frames/CSMAD/attack/WEAR/B/F_atk_B1_i3_022.h5/5.png,3
/home/Dataset/Face_Spoofing/frames/CSMAD/attack/WEAR/B/F_atk_B1_i3_022.h5/4.png,3
/home/Dataset/Face_Spoofing/frames/CSMAD/attack/WEAR/B/F_atk_B1_i3_022.h5/3.png,3
/home/Dataset/Face_Spoofing/frames/CSMAD/attack/WEAR/B/F_atk_B1_i3_022.h5/2.png,3
/home/Dataset/Face_Spoofing/frames/CSMAD/attack/WEAR/B/F_atk_B1_i3_022.h5/1.png,3
/home/Dataset/Face_Spoofing/frames/CSMAD/attack/WEAR/B/F_atk_B2_i0_023.h5/10.png,3
/home/Dataset/Face_Spoofing/frames/CSMAD/attack/WEAR/B/F_atk_B2_i0_023.h5/9.png,3
/home/Dataset/Face_Spoofing/frames/CSMAD/attack/WEAR/B/F_atk_B2_i0_023.h5/8.png,3
/home/Dataset/Face_Spoofing/frames/CSMAD/attack/WEAR/B/F_atk_B2_i0_023.h5/7.png,3
/home/Dataset/Face_Spoofing/frames/CSMAD/attack/WEAR/B/F_atk_B2_i0_023.h5/6.png,3
/home/Dataset/Face_Spoofing/frames/CSMAD/attack/WEAR/B/F_atk_B2_i0_023.h5/5.png,3
/home/Dataset/Face_Spoofing/frames/CSMAD/attack/WEAR/B/F_atk_B2_i0_023.h5/4.png,3
/home/Dataset/Face_Spoofing/frames/CSMAD/attack/WEAR/B/F_atk_B2_i0_023.h5/3.png,3
/home/Dataset/Face_Spoofing/frames/CSMAD/attack/WEAR/B/F_atk_B2_i0_023.h5/2.png,3
/home/Dataset/Face_Spoofing/frames/CSMAD/attack/WEAR/B/F_atk_B2_i0_023.h5/1.png,3
/home/Dataset/Face_Spoofing/frames/CSMAD/attack/WEAR/B/F_atk_B2_i1_024.h5/10.png,3
/home/Dataset/Face_Spoofing/frames/CSMAD/attack/WEAR/B/F_atk_B2_i1_024.h5/9.png,3
/home/Dataset/Face_Spoofing/frames/CSMAD/attack/WEAR/B/F_atk_B2_i1_024.h5/8.png,3
/home/Dataset/Face_Spoofing/frames/CSMAD/attack/WEAR/B/F_atk_B2_i1_024.h5/7.png,3
/home/Dataset/Face_Spoofing/frames/CSMAD/attack/WEAR/B/F_atk_B2_i1_024.h5/6.png,3
/home/Dataset/Face_Spoofing/frames/CSMAD/attack/WEAR/B/F_atk_B2_i1_024.h5/5.png,3
/home/Dataset/Face_Spoofing/frames/CSMAD/attack/WEAR/B/F_atk_B2_i1_024.h5/4.png,3
/home/Dataset/Face_Spoofing/frames/CSMAD/attack/WEAR/B/F_atk_B2_i1_024.h5/3.png,3
/home/Dataset/Face_Spoofing/frames/CSMAD/attack/WEAR/B/F_atk_B2_i1_024.h5/2.png,3
/home/Dataset/Face_Spoofing/frames/CSMAD/attack/WEAR/B/F_atk_B2_i1_024.h5/1.png,3
/home/Dataset/Face_Spoofing/frames/CSMAD/attack/WEAR/B/F_atk_B2_i2_025.h5/10.png,3
/home/Dataset/Face_Spoofing/frames/CSMAD/attack/WEAR/B/F_atk_B2_i2_025.h5/9.png,3
/home/Dataset/Face_Spoofing/frames/CSMAD/attack/WEAR/B/F_atk_B2_i2_025.h5/8.png,3
/home/Dataset/Face_Spoofing/frames/CSMAD/attack/WEAR/B/F_atk_B2_i2_025.h5/7.png,3
/home/Dataset/Face_Spoofing/frames/CSMAD/attack/WEAR/B/F_atk_B2_i2_025.h5/6.png,3
/home/Dataset/Face_Spoofing/frames/CSMAD/attack/WEAR/B/F_atk_B2_i2_025.h5/5.png,3
/home/Dataset/Face_Spoofing/frames/CSMAD/attack/WEAR/B/F_atk_B2_i2_025.h5/4.png,3
/home/Dataset/Face_Spoofing/frames/CSMAD/attack/WEAR/B/F_atk_B2_i2_025.h5/3.png,3
/home/Dataset/Face_Spoofing/frames/CSMAD/attack/WEAR/B/F_atk_B2_i2_025.h5/2.png,3
/home/Dataset/Face_Spoofing/frames/CSMAD/attack/WEAR/B/F_atk_B2_i2_025.h5/1.png,3
/home/Dataset/Face_Spoofing/frames/CSMAD/attack/WEAR/B/F_atk_B2_i3_026.h5/10.png,3
/home/Dataset/Face_Spoofing/frames/CSMAD/attack/WEAR/B/F_atk_B2_i3_026.h5/9.png,3
/home/Dataset/Face_Spoofing/frames/CSMAD/attack/WEAR/B/F_atk_B2_i3_026.h5/8.png,3
/home/Dataset/Face_Spoofing/frames/CSMAD/attack/WEAR/B/F_atk_B2_i3_026.h5/7.png,3
/home/Dataset/Face_Spoofing/frames/CSMAD/attack/WEAR/B/F_atk_B2_i3_026.h5/6.png,3
/home/Dataset/Face_Spoofing/frames/CSMAD/attack/WEAR/B/F_atk_B2_i3_026.h5/5.png,3
/home/Dataset/Face_Spoofing/frames/CSMAD/attack/WEAR/B/F_atk_B2_i3_026.h5/4.png,3
/home/Dataset/Face_Spoofing/frames/CSMAD/attack/WEAR/B/F_atk_B2_i3_026.h5/3.png,3
/home/Dataset/Face_Spoofing/frames/CSMAD/attack/WEAR/B/F_atk_B2_i3_026.h5/2.png,3
/home/Dataset/Face_Spoofing/frames/CSMAD/attack/WEAR/B/F_atk_B2_i3_026.h5/1.png,3
/home/Dataset/Face_Spoofing/frames/CSMAD/attack/WEAR/C/E_atk_C1_i0_017.h5/10.png,3
/home/Dataset/Face_Spoofing/frames/CSMAD/attack/WEAR/C/E_atk_C1_i0_017.h5/9.png,3
/home/Dataset/Face_Spoofing/frames/CSMAD/attack/WEAR/C/E_atk_C1_i0_017.h5/8.png,3
/home/Dataset/Face_Spoofing/frames/CSMAD/attack/WEAR/C/E_atk_C1_i0_017.h5/7.png,3
/home/Dataset/Face_Spoofing/frames/CSMAD/attack/WEAR/C/E_atk_C1_i0_017.h5/6.png,3
/home/Dataset/Face_Spoofing/frames/CSMAD/attack/WEAR/C/E_atk_C1_i0_017.h5/5.png,3
/home/Dataset/Face_Spoofing/frames/CSMAD/attack/WEAR/C/E_atk_C1_i0_017.h5/4.png,3
/home/Dataset/Face_Spoofing/frames/CSMAD/attack/WEAR/C/E_atk_C1_i0_017.h5/3.png,3
/home/Dataset/Face_Spoofing/frames/CSMAD/attack/WEAR/C/E_atk_C1_i0_017.h5/2.png,3
/home/Dataset/Face_Spoofing/frames/CSMAD/attack/WEAR/C/E_atk_C1_i0_017.h5/1.png,3
/home/Dataset/Face_Spoofing/frames/CSMAD/attack/WEAR/C/E_atk_C1_i1_018.h5/10.png,3
/home/Dataset/Face_Spoofing/frames/CSMAD/attack/WEAR/C/E_atk_C1_i1_018.h5/9.png,3
/home/Dataset/Face_Spoofing/frames/CSMAD/attack/WEAR/C/E_atk_C1_i1_018.h5/8.png,3
/home/Dataset/Face_Spoofing/frames/CSMAD/attack/WEAR/C/E_atk_C1_i1_018.h5/7.png,3
/home/Dataset/Face_Spoofing/frames/CSMAD/attack/WEAR/C/E_atk_C1_i1_018.h5/6.png,3
/home/Dataset/Face_Spoofing/frames/CSMAD/attack/WEAR/C/E_atk_C1_i1_018.h5/5.png,3
/home/Dataset/Face_Spoofing/frames/CSMAD/attack/WEAR/C/E_atk_C1_i1_018.h5/4.png,3
/home/Dataset/Face_Spoofing/frames/CSMAD/attack/WEAR/C/E_atk_C1_i1_018.h5/3.png,3
/home/Dataset/Face_Spoofing/frames/CSMAD/attack/WEAR/C/E_atk_C1_i1_018.h5/2.png,3
/home/Dataset/Face_Spoofing/frames/CSMAD/attack/WEAR/C/E_atk_C1_i1_018.h5/1.png,3
/home/Dataset/Face_Spoofing/frames/CSMAD/attack/WEAR/C/E_atk_C1_i2_019.h5/10.png,3
/home/Dataset/Face_Spoofing/frames/CSMAD/attack/WEAR/C/E_atk_C1_i2_019.h5/9.png,3
/home/Dataset/Face_Spoofing/frames/CSMAD/attack/WEAR/C/E_atk_C1_i2_019.h5/8.png,3
/home/Dataset/Face_Spoofing/frames/CSMAD/attack/WEAR/C/E_atk_C1_i2_019.h5/7.png,3
/home/Dataset/Face_Spoofing/frames/CSMAD/attack/WEAR/C/E_atk_C1_i2_019.h5/6.png,3
/home/Dataset/Face_Spoofing/frames/CSMAD/attack/WEAR/C/E_atk_C1_i2_019.h5/5.png,3
/home/Dataset/Face_Spoofing/frames/CSMAD/attack/WEAR/C/E_atk_C1_i2_019.h5/4.png,3
/home/Dataset/Face_Spoofing/frames/CSMAD/attack/WEAR/C/E_atk_C1_i2_019.h5/3.png,3
/home/Dataset/Face_Spoofing/frames/CSMAD/attack/WEAR/C/E_atk_C1_i2_019.h5/2.png,3
/home/Dataset/Face_Spoofing/frames/CSMAD/attack/WEAR/C/E_atk_C1_i2_019.h5/1.png,3
/home/Dataset/Face_Spoofing/frames/CSMAD/attack/WEAR/C/E_atk_C1_i3_020.h5/10.png,3
/home/Dataset/Face_Spoofing/frames/CSMAD/attack/WEAR/C/E_atk_C1_i3_020.h5/9.png,3
/home/Dataset/Face_Spoofing/frames/CSMAD/attack/WEAR/C/E_atk_C1_i3_020.h5/8.png,3
/home/Dataset/Face_Spoofing/frames/CSMAD/attack/WEAR/C/E_atk_C1_i3_020.h5/7.png,3
/home/Dataset/Face_Spoofing/frames/CSMAD/attack/WEAR/C/E_atk_C1_i3_020.h5/6.png,3
/home/Dataset/Face_Spoofing/frames/CSMAD/attack/WEAR/C/E_atk_C1_i3_020.h5/5.png,3
/home/Dataset/Face_Spoofing/frames/CSMAD/attack/WEAR/C/E_atk_C1_i3_020.h5/4.png,3
/home/Dataset/Face_Spoofing/frames/CSMAD/attack/WEAR/C/E_atk_C1_i3_020.h5/3.png,3
/home/Dataset/Face_Spoofing/frames/CSMAD/attack/WEAR/C/E_atk_C1_i3_020.h5/2.png,3
/home/Dataset/Face_Spoofing/frames/CSMAD/attack/WEAR/C/E_atk_C1_i3_020.h5/1.png,3
/home/Dataset/Face_Spoofing/frames/CSMAD/attack/WEAR/C/E_atk_C2_i0_021.h5/10.png,3
/home/Dataset/Face_Spoofing/frames/CSMAD/attack/WEAR/C/E_atk_C2_i0_021.h5/9.png,3
/home/Dataset/Face_Spoofing/frames/CSMAD/attack/WEAR/C/E_atk_C2_i0_021.h5/8.png,3
/home/Dataset/Face_Spoofing/frames/CSMAD/attack/WEAR/C/E_atk_C2_i0_021.h5/7.png,3
/home/Dataset/Face_Spoofing/frames/CSMAD/attack/WEAR/C/E_atk_C2_i0_021.h5/6.png,3
/home/Dataset/Face_Spoofing/frames/CSMAD/attack/WEAR/C/E_atk_C2_i0_021.h5/5.png,3
/home/Dataset/Face_Spoofing/frames/CSMAD/attack/WEAR/C/E_atk_C2_i0_021.h5/4.png,3
/home/Dataset/Face_Spoofing/frames/CSMAD/attack/WEAR/C/E_atk_C2_i0_021.h5/3.png,3
/home/Dataset/Face_Spoofing/frames/CSMAD/attack/WEAR/C/E_atk_C2_i0_021.h5/2.png,3
/home/Dataset/Face_Spoofing/frames/CSMAD/attack/WEAR/C/E_atk_C2_i0_021.h5/1.png,3
/home/Dataset/Face_Spoofing/frames/CSMAD/attack/WEAR/C/E_atk_C2_i1_022.h5/10.png,3
/home/Dataset/Face_Spoofing/frames/CSMAD/attack/WEAR/C/E_atk_C2_i1_022.h5/9.png,3
/home/Dataset/Face_Spoofing/frames/CSMAD/attack/WEAR/C/E_atk_C2_i1_022.h5/8.png,3
/home/Dataset/Face_Spoofing/frames/CSMAD/attack/WEAR/C/E_atk_C2_i1_022.h5/7.png,3
/home/Dataset/Face_Spoofing/frames/CSMAD/attack/WEAR/C/E_atk_C2_i1_022.h5/6.png,3
/home/Dataset/Face_Spoofing/frames/CSMAD/attack/WEAR/C/E_atk_C2_i1_022.h5/5.png,3
/home/Dataset/Face_Spoofing/frames/CSMAD/attack/WEAR/C/E_atk_C2_i1_022.h5/4.png,3
/home/Dataset/Face_Spoofing/frames/CSMAD/attack/WEAR/C/E_atk_C2_i1_022.h5/3.png,3
/home/Dataset/Face_Spoofing/frames/CSMAD/attack/WEAR/C/E_atk_C2_i1_022.h5/2.png,3
/home/Dataset/Face_Spoofing/frames/CSMAD/attack/WEAR/C/E_atk_C2_i1_022.h5/1.png,3
/home/Dataset/Face_Spoofing/frames/CSMAD/attack/WEAR/C/E_atk_C2_i2_023.h5/10.png,3
/home/Dataset/Face_Spoofing/frames/CSMAD/attack/WEAR/C/E_atk_C2_i2_023.h5/9.png,3
/home/Dataset/Face_Spoofing/frames/CSMAD/attack/WEAR/C/E_atk_C2_i2_023.h5/8.png,3
/home/Dataset/Face_Spoofing/frames/CSMAD/attack/WEAR/C/E_atk_C2_i2_023.h5/7.png,3
/home/Dataset/Face_Spoofing/frames/CSMAD/attack/WEAR/C/E_atk_C2_i2_023.h5/6.png,3
/home/Dataset/Face_Spoofing/frames/CSMAD/attack/WEAR/C/E_atk_C2_i2_023.h5/5.png,3
/home/Dataset/Face_Spoofing/frames/CSMAD/attack/WEAR/C/E_atk_C2_i2_023.h5/4.png,3
/home/Dataset/Face_Spoofing/frames/CSMAD/attack/WEAR/C/E_atk_C2_i2_023.h5/3.png,3
/home/Dataset/Face_Spoofing/frames/CSMAD/attack/WEAR/C/E_atk_C2_i2_023.h5/2.png,3
/home/Dataset/Face_Spoofing/frames/CSMAD/attack/WEAR/C/E_atk_C2_i2_023.h5/1.png,3
/home/Dataset/Face_Spoofing/frames/CSMAD/attack/WEAR/C/E_atk_C2_i3_024.h5/10.png,3
/home/Dataset/Face_Spoofing/frames/CSMAD/attack/WEAR/C/E_atk_C2_i3_024.h5/9.png,3
/home/Dataset/Face_Spoofing/frames/CSMAD/attack/WEAR/C/E_atk_C2_i3_024.h5/8.png,3
/home/Dataset/Face_Spoofing/frames/CSMAD/attack/WEAR/C/E_atk_C2_i3_024.h5/7.png,3
/home/Dataset/Face_Spoofing/frames/CSMAD/attack/WEAR/C/E_atk_C2_i3_024.h5/6.png,3
/home/Dataset/Face_Spoofing/frames/CSMAD/attack/WEAR/C/E_atk_C2_i3_024.h5/5.png,3
/home/Dataset/Face_Spoofing/frames/CSMAD/attack/WEAR/C/E_atk_C2_i3_024.h5/4.png,3
/home/Dataset/Face_Spoofing/frames/CSMAD/attack/WEAR/C/E_atk_C2_i3_024.h5/3.png,3
/home/Dataset/Face_Spoofing/frames/CSMAD/attack/WEAR/C/E_atk_C2_i3_024.h5/2.png,3
/home/Dataset/Face_Spoofing/frames/CSMAD/attack/WEAR/C/E_atk_C2_i3_024.h5/1.png,3
/home/Dataset/Face_Spoofing/frames/CSMAD/attack/WEAR/C/F_atk_C1_i0_027.h5/10.png,3
/home/Dataset/Face_Spoofing/frames/CSMAD/attack/WEAR/C/F_atk_C1_i0_027.h5/9.png,3
/home/Dataset/Face_Spoofing/frames/CSMAD/attack/WEAR/C/F_atk_C1_i0_027.h5/8.png,3
/home/Dataset/Face_Spoofing/frames/CSMAD/attack/WEAR/C/F_atk_C1_i0_027.h5/7.png,3
/home/Dataset/Face_Spoofing/frames/CSMAD/attack/WEAR/C/F_atk_C1_i0_027.h5/6.png,3
/home/Dataset/Face_Spoofing/frames/CSMAD/attack/WEAR/C/F_atk_C1_i0_027.h5/5.png,3
/home/Dataset/Face_Spoofing/frames/CSMAD/attack/WEAR/C/F_atk_C1_i0_027.h5/4.png,3
/home/Dataset/Face_Spoofing/frames/CSMAD/attack/WEAR/C/F_atk_C1_i0_027.h5/3.png,3
/home/Dataset/Face_Spoofing/frames/CSMAD/attack/WEAR/C/F_atk_C1_i0_027.h5/2.png,3
/home/Dataset/Face_Spoofing/frames/CSMAD/attack/WEAR/C/F_atk_C1_i0_027.h5/1.png,3
/home/Dataset/Face_Spoofing/frames/CSMAD/attack/WEAR/C/F_atk_C1_i1_028.h5/10.png,3
/home/Dataset/Face_Spoofing/frames/CSMAD/attack/WEAR/C/F_atk_C1_i1_028.h5/9.png,3
/home/Dataset/Face_Spoofing/frames/CSMAD/attack/WEAR/C/F_atk_C1_i1_028.h5/8.png,3
/home/Dataset/Face_Spoofing/frames/CSMAD/attack/WEAR/C/F_atk_C1_i1_028.h5/7.png,3
/home/Dataset/Face_Spoofing/frames/CSMAD/attack/WEAR/C/F_atk_C1_i1_028.h5/6.png,3
/home/Dataset/Face_Spoofing/frames/CSMAD/attack/WEAR/C/F_atk_C1_i1_028.h5/5.png,3
/home/Dataset/Face_Spoofing/frames/CSMAD/attack/WEAR/C/F_atk_C1_i1_028.h5/4.png,3
/home/Dataset/Face_Spoofing/frames/CSMAD/attack/WEAR/C/F_atk_C1_i1_028.h5/3.png,3
/home/Dataset/Face_Spoofing/frames/CSMAD/attack/WEAR/C/F_atk_C1_i1_028.h5/2.png,3
/home/Dataset/Face_Spoofing/frames/CSMAD/attack/WEAR/C/F_atk_C1_i1_028.h5/1.png,3
/home/Dataset/Face_Spoofing/frames/CSMAD/attack/WEAR/C/F_atk_C1_i2_029.h5/10.png,3
/home/Dataset/Face_Spoofing/frames/CSMAD/attack/WEAR/C/F_atk_C1_i2_029.h5/9.png,3
/home/Dataset/Face_Spoofing/frames/CSMAD/attack/WEAR/C/F_atk_C1_i2_029.h5/8.png,3
/home/Dataset/Face_Spoofing/frames/CSMAD/attack/WEAR/C/F_atk_C1_i2_029.h5/7.png,3
/home/Dataset/Face_Spoofing/frames/CSMAD/attack/WEAR/C/F_atk_C1_i2_029.h5/6.png,3
/home/Dataset/Face_Spoofing/frames/CSMAD/attack/WEAR/C/F_atk_C1_i2_029.h5/5.png,3
/home/Dataset/Face_Spoofing/frames/CSMAD/attack/WEAR/C/F_atk_C1_i2_029.h5/4.png,3
/home/Dataset/Face_Spoofing/frames/CSMAD/attack/WEAR/C/F_atk_C1_i2_029.h5/3.png,3
/home/Dataset/Face_Spoofing/frames/CSMAD/attack/WEAR/C/F_atk_C1_i2_029.h5/2.png,3
/home/Dataset/Face_Spoofing/frames/CSMAD/attack/WEAR/C/F_atk_C1_i2_029.h5/1.png,3
/home/Dataset/Face_Spoofing/frames/CSMAD/attack/WEAR/C/F_atk_C1_i3_030.h5/10.png,3
/home/Dataset/Face_Spoofing/frames/CSMAD/attack/WEAR/C/F_atk_C1_i3_030.h5/9.png,3
/home/Dataset/Face_Spoofing/frames/CSMAD/attack/WEAR/C/F_atk_C1_i3_030.h5/8.png,3
/home/Dataset/Face_Spoofing/frames/CSMAD/attack/WEAR/C/F_atk_C1_i3_030.h5/7.png,3
/home/Dataset/Face_Spoofing/frames/CSMAD/attack/WEAR/C/F_atk_C1_i3_030.h5/6.png,3
/home/Dataset/Face_Spoofing/frames/CSMAD/attack/WEAR/C/F_atk_C1_i3_030.h5/5.png,3
/home/Dataset/Face_Spoofing/frames/CSMAD/attack/WEAR/C/F_atk_C1_i3_030.h5/4.png,3
/home/Dataset/Face_Spoofing/frames/CSMAD/attack/WEAR/C/F_atk_C1_i3_030.h5/3.png,3
/home/Dataset/Face_Spoofing/frames/CSMAD/attack/WEAR/C/F_atk_C1_i3_030.h5/2.png,3
/home/Dataset/Face_Spoofing/frames/CSMAD/attack/WEAR/C/F_atk_C1_i3_030.h5/1.png,3
/home/Dataset/Face_Spoofing/frames/CSMAD/attack/WEAR/C/F_atk_C2_i0_031.h5/10.png,3
/home/Dataset/Face_Spoofing/frames/CSMAD/attack/WEAR/C/F_atk_C2_i0_031.h5/9.png,3
/home/Dataset/Face_Spoofing/frames/CSMAD/attack/WEAR/C/F_atk_C2_i0_031.h5/8.png,3
/home/Dataset/Face_Spoofing/frames/CSMAD/attack/WEAR/C/F_atk_C2_i0_031.h5/7.png,3
/home/Dataset/Face_Spoofing/frames/CSMAD/attack/WEAR/C/F_atk_C2_i0_031.h5/6.png,3
/home/Dataset/Face_Spoofing/frames/CSMAD/attack/WEAR/C/F_atk_C2_i0_031.h5/5.png,3
/home/Dataset/Face_Spoofing/frames/CSMAD/attack/WEAR/C/F_atk_C2_i0_031.h5/4.png,3
/home/Dataset/Face_Spoofing/frames/CSMAD/attack/WEAR/C/F_atk_C2_i0_031.h5/3.png,3
/home/Dataset/Face_Spoofing/frames/CSMAD/attack/WEAR/C/F_atk_C2_i0_031.h5/2.png,3
/home/Dataset/Face_Spoofing/frames/CSMAD/attack/WEAR/C/F_atk_C2_i0_031.h5/1.png,3
/home/Dataset/Face_Spoofing/frames/CSMAD/attack/WEAR/C/F_atk_C2_i1_032.h5/10.png,3
/home/Dataset/Face_Spoofing/frames/CSMAD/attack/WEAR/C/F_atk_C2_i1_032.h5/9.png,3
/home/Dataset/Face_Spoofing/frames/CSMAD/attack/WEAR/C/F_atk_C2_i1_032.h5/8.png,3
/home/Dataset/Face_Spoofing/frames/CSMAD/attack/WEAR/C/F_atk_C2_i1_032.h5/7.png,3
/home/Dataset/Face_Spoofing/frames/CSMAD/attack/WEAR/C/F_atk_C2_i1_032.h5/6.png,3
/home/Dataset/Face_Spoofing/frames/CSMAD/attack/WEAR/C/F_atk_C2_i1_032.h5/5.png,3
/home/Dataset/Face_Spoofing/frames/CSMAD/attack/WEAR/C/F_atk_C2_i1_032.h5/4.png,3
/home/Dataset/Face_Spoofing/frames/CSMAD/attack/WEAR/C/F_atk_C2_i1_032.h5/3.png,3
/home/Dataset/Face_Spoofing/frames/CSMAD/attack/WEAR/C/F_atk_C2_i1_032.h5/2.png,3
/home/Dataset/Face_Spoofing/frames/CSMAD/attack/WEAR/C/F_atk_C2_i1_032.h5/1.png,3
/home/Dataset/Face_Spoofing/frames/CSMAD/attack/WEAR/C/F_atk_C2_i2_033.h5/10.png,3
/home/Dataset/Face_Spoofing/frames/CSMAD/attack/WEAR/C/F_atk_C2_i2_033.h5/9.png,3
/home/Dataset/Face_Spoofing/frames/CSMAD/attack/WEAR/C/F_atk_C2_i2_033.h5/8.png,3
/home/Dataset/Face_Spoofing/frames/CSMAD/attack/WEAR/C/F_atk_C2_i2_033.h5/7.png,3
/home/Dataset/Face_Spoofing/frames/CSMAD/attack/WEAR/C/F_atk_C2_i2_033.h5/6.png,3
/home/Dataset/Face_Spoofing/frames/CSMAD/attack/WEAR/C/F_atk_C2_i2_033.h5/5.png,3
/home/Dataset/Face_Spoofing/frames/CSMAD/attack/WEAR/C/F_atk_C2_i2_033.h5/4.png,3
/home/Dataset/Face_Spoofing/frames/CSMAD/attack/WEAR/C/F_atk_C2_i2_033.h5/3.png,3
/home/Dataset/Face_Spoofing/frames/CSMAD/attack/WEAR/C/F_atk_C2_i2_033.h5/2.png,3
/home/Dataset/Face_Spoofing/frames/CSMAD/attack/WEAR/C/F_atk_C2_i2_033.h5/1.png,3
/home/Dataset/Face_Spoofing/frames/CSMAD/attack/WEAR/C/F_atk_C2_i3_034.h5/10.png,3
/home/Dataset/Face_Spoofing/frames/CSMAD/attack/WEAR/C/F_atk_C2_i3_034.h5/9.png,3
/home/Dataset/Face_Spoofing/frames/CSMAD/attack/WEAR/C/F_atk_C2_i3_034.h5/8.png,3
/home/Dataset/Face_Spoofing/frames/CSMAD/attack/WEAR/C/F_atk_C2_i3_034.h5/7.png,3
/home/Dataset/Face_Spoofing/frames/CSMAD/attack/WEAR/C/F_atk_C2_i3_034.h5/6.png,3
/home/Dataset/Face_Spoofing/frames/CSMAD/attack/WEAR/C/F_atk_C2_i3_034.h5/5.png,3
/home/Dataset/Face_Spoofing/frames/CSMAD/attack/WEAR/C/F_atk_C2_i3_034.h5/4.png,3
/home/Dataset/Face_Spoofing/frames/CSMAD/attack/WEAR/C/F_atk_C2_i3_034.h5/3.png,3
/home/Dataset/Face_Spoofing/frames/CSMAD/attack/WEAR/C/F_atk_C2_i3_034.h5/2.png,3
/home/Dataset/Face_Spoofing/frames/CSMAD/attack/WEAR/C/F_atk_C2_i3_034.h5/1.png,3
/home/Dataset/Face_Spoofing/frames/CSMAD/attack/WEAR/C/F_atk_C3_i0_065.h5/10.png,3
/home/Dataset/Face_Spoofing/frames/CSMAD/attack/WEAR/C/F_atk_C3_i0_065.h5/9.png,3
/home/Dataset/Face_Spoofing/frames/CSMAD/attack/WEAR/C/F_atk_C3_i0_065.h5/8.png,3
/home/Dataset/Face_Spoofing/frames/CSMAD/attack/WEAR/C/F_atk_C3_i0_065.h5/7.png,3
/home/Dataset/Face_Spoofing/frames/CSMAD/attack/WEAR/C/F_atk_C3_i0_065.h5/6.png,3
/home/Dataset/Face_Spoofing/frames/CSMAD/attack/WEAR/C/F_atk_C3_i0_065.h5/5.png,3
/home/Dataset/Face_Spoofing/frames/CSMAD/attack/WEAR/C/F_atk_C3_i0_065.h5/4.png,3
/home/Dataset/Face_Spoofing/frames/CSMAD/attack/WEAR/C/F_atk_C3_i0_065.h5/3.png,3
/home/Dataset/Face_Spoofing/frames/CSMAD/attack/WEAR/C/F_atk_C3_i0_065.h5/2.png,3
/home/Dataset/Face_Spoofing/frames/CSMAD/attack/WEAR/C/F_atk_C3_i0_065.h5/1.png,3
/home/Dataset/Face_Spoofing/frames/CSMAD/attack/WEAR/C/F_atk_C3_i1_066.h5/10.png,3
/home/Dataset/Face_Spoofing/frames/CSMAD/attack/WEAR/C/F_atk_C3_i1_066.h5/9.png,3
/home/Dataset/Face_Spoofing/frames/CSMAD/attack/WEAR/C/F_atk_C3_i1_066.h5/8.png,3
/home/Dataset/Face_Spoofing/frames/CSMAD/attack/WEAR/C/F_atk_C3_i1_066.h5/7.png,3
/home/Dataset/Face_Spoofing/frames/CSMAD/attack/WEAR/C/F_atk_C3_i1_066.h5/6.png,3
/home/Dataset/Face_Spoofing/frames/CSMAD/attack/WEAR/C/F_atk_C3_i1_066.h5/5.png,3
/home/Dataset/Face_Spoofing/frames/CSMAD/attack/WEAR/C/F_atk_C3_i1_066.h5/4.png,3
/home/Dataset/Face_Spoofing/frames/CSMAD/attack/WEAR/C/F_atk_C3_i1_066.h5/3.png,3
/home/Dataset/Face_Spoofing/frames/CSMAD/attack/WEAR/C/F_atk_C3_i1_066.h5/2.png,3
/home/Dataset/Face_Spoofing/frames/CSMAD/attack/WEAR/C/F_atk_C3_i1_066.h5/1.png,3
/home/Dataset/Face_Spoofing/frames/CSMAD/attack/WEAR/C/F_atk_C3_i2_067.h5/10.png,3
/home/Dataset/Face_Spoofing/frames/CSMAD/attack/WEAR/C/F_atk_C3_i2_067.h5/9.png,3
/home/Dataset/Face_Spoofing/frames/CSMAD/attack/WEAR/C/F_atk_C3_i2_067.h5/8.png,3
/home/Dataset/Face_Spoofing/frames/CSMAD/attack/WEAR/C/F_atk_C3_i2_067.h5/7.png,3
/home/Dataset/Face_Spoofing/frames/CSMAD/attack/WEAR/C/F_atk_C3_i2_067.h5/6.png,3
/home/Dataset/Face_Spoofing/frames/CSMAD/attack/WEAR/C/F_atk_C3_i2_067.h5/5.png,3
/home/Dataset/Face_Spoofing/frames/CSMAD/attack/WEAR/C/F_atk_C3_i2_067.h5/4.png,3
/home/Dataset/Face_Spoofing/frames/CSMAD/attack/WEAR/C/F_atk_C3_i2_067.h5/3.png,3
/home/Dataset/Face_Spoofing/frames/CSMAD/attack/WEAR/C/F_atk_C3_i2_067.h5/2.png,3
/home/Dataset/Face_Spoofing/frames/CSMAD/attack/WEAR/C/F_atk_C3_i2_067.h5/1.png,3
/home/Dataset/Face_Spoofing/frames/CSMAD/attack/WEAR/C/F_atk_C3_i3_068.h5/10.png,3
/home/Dataset/Face_Spoofing/frames/CSMAD/attack/WEAR/C/F_atk_C3_i3_068.h5/9.png,3
/home/Dataset/Face_Spoofing/frames/CSMAD/attack/WEAR/C/F_atk_C3_i3_068.h5/8.png,3
/home/Dataset/Face_Spoofing/frames/CSMAD/attack/WEAR/C/F_atk_C3_i3_068.h5/7.png,3
/home/Dataset/Face_Spoofing/frames/CSMAD/attack/WEAR/C/F_atk_C3_i3_068.h5/6.png,3
/home/Dataset/Face_Spoofing/frames/CSMAD/attack/WEAR/C/F_atk_C3_i3_068.h5/5.png,3
/home/Dataset/Face_Spoofing/frames/CSMAD/attack/WEAR/C/F_atk_C3_i3_068.h5/4.png,3
/home/Dataset/Face_Spoofing/frames/CSMAD/attack/WEAR/C/F_atk_C3_i3_068.h5/3.png,3
/home/Dataset/Face_Spoofing/frames/CSMAD/attack/WEAR/C/F_atk_C3_i3_068.h5/2.png,3
/home/Dataset/Face_Spoofing/frames/CSMAD/attack/WEAR/C/F_atk_C3_i3_068.h5/1.png,3
